-- Satral Dairy ERP Dummy Data Seed File
USE satral_dairy_test;

-- Clear existing transactional data
DELETE FROM approvals;
DELETE FROM tank_records;
DELETE FROM activity_logs;
DELETE FROM notifications;

-- Ensure default users exist
INSERT IGNORE INTO users (id, username, password, email, full_name, role, is_active) VALUES
(1, 'admin', '$2a$10$uO8yYviRvGWesQRJ/C0CKejMpv.j22G5YaCRxMVVpIBro8Zdu/gOC', 'admin@satral.com', 'System Administrator', 'admin', true),
(2, 'lab', '$2a$10$lIaUiHvsBJFxZMiiojnZ4O8a2kFYtiXNE/h.pjmEfQjrkNc9UzcEO', 'lab@satral.com', 'Lab Incharge', 'lab_incharge', true),
(3, 'operator', '$2a$10$wndFxn99GdKjbs3BKplUX.N2ijUcRh/OrNo7kKwBBnKtKpKchD/i.', 'operator@satral.com', 'Process Operator', 'operator', true);

-- Insert Tank Records and corresponding Approvals & Logs
INSERT INTO tank_records (id, date, tank_number, batch_number, milk_quantity, fat_percentage, snf_percentage, temperature, milk_type, process_operator_id, lab_incharge_id, tank_release_time, remarks, status, created_at) VALUES (1, '2026-06-05', 'T-05', 'B-20260605-01', 8510.60, 6.92, 9.44, 3.11, 'buffalo', 3, NULL, NULL, 'Normal batch processing quality.', 'pending_lab', '2026-06-05 09:00:00');
INSERT INTO activity_logs (id, user_id, action, entity_type, entity_id, ip_address, details, created_at) VALUES (1, 3, 'create', 'tank_record', 1, '127.0.0.1', 'Created tank record for batch B-20260605-01', '2026-06-05 09:00:00');
INSERT INTO tank_records (id, date, tank_number, batch_number, milk_quantity, fat_percentage, snf_percentage, temperature, milk_type, process_operator_id, lab_incharge_id, tank_release_time, remarks, status, created_at) VALUES (2, '2026-06-05', 'T-01', 'B-20260605-02', 11364.90, 4.52, 8.52, 3.65, 'mixed', 3, 2, '2026-06-05 11:19:00', 'Parameters standard. Approved for production.', 'approved', '2026-06-05 09:00:00');
INSERT INTO approvals (id, tank_record_id, approver_id, approver_role, action, comments, approved_at) VALUES (1, 2, 2, 'lab_incharge', 'approved', 'Lab parameters verified. OK.', '2026-06-05 10:30:00');
INSERT INTO approvals (id, tank_record_id, approver_id, approver_role, action, comments, approved_at) VALUES (2, 2, 1, 'admin', 'approved', 'Final approval given for processing.', '2026-06-05 11:00:00');
INSERT INTO activity_logs (id, user_id, action, entity_type, entity_id, ip_address, details, created_at) VALUES (2, 3, 'create', 'tank_record', 2, '127.0.0.1', 'Created tank record for batch B-20260605-02', '2026-06-05 09:00:00');
INSERT INTO activity_logs (id, user_id, action, entity_type, entity_id, ip_address, details, created_at) VALUES (3, 2, 'approved', 'tank_record', 2, '127.0.0.1', 'APPROVED tank record for batch B-20260605-02', '2026-06-05 10:30:00');
INSERT INTO tank_records (id, date, tank_number, batch_number, milk_quantity, fat_percentage, snf_percentage, temperature, milk_type, process_operator_id, lab_incharge_id, tank_release_time, remarks, status, created_at) VALUES (3, '2026-06-06', 'T-05', 'B-20260606-01', 8503.34, 4.15, 8.59, 5.41, 'cow', 3, 2, '2026-06-06 15:50:00', 'Parameters standard. Approved for production.', 'approved', '2026-06-06 09:00:00');
INSERT INTO approvals (id, tank_record_id, approver_id, approver_role, action, comments, approved_at) VALUES (3, 3, 2, 'lab_incharge', 'approved', 'Lab parameters verified. OK.', '2026-06-06 10:30:00');
INSERT INTO approvals (id, tank_record_id, approver_id, approver_role, action, comments, approved_at) VALUES (4, 3, 1, 'admin', 'approved', 'Final approval given for processing.', '2026-06-06 11:00:00');
INSERT INTO activity_logs (id, user_id, action, entity_type, entity_id, ip_address, details, created_at) VALUES (4, 3, 'create', 'tank_record', 3, '127.0.0.1', 'Created tank record for batch B-20260606-01', '2026-06-06 09:00:00');
INSERT INTO activity_logs (id, user_id, action, entity_type, entity_id, ip_address, details, created_at) VALUES (5, 2, 'approved', 'tank_record', 3, '127.0.0.1', 'APPROVED tank record for batch B-20260606-01', '2026-06-06 10:30:00');
INSERT INTO tank_records (id, date, tank_number, batch_number, milk_quantity, fat_percentage, snf_percentage, temperature, milk_type, process_operator_id, lab_incharge_id, tank_release_time, remarks, status, created_at) VALUES (4, '2026-06-06', 'T-02', 'B-20260606-02', 4814.77, 3.51, 8.79, 3.94, 'cow', 3, 2, NULL, 'Normal batch processing quality.', 'pending_admin', '2026-06-06 09:00:00');
INSERT INTO activity_logs (id, user_id, action, entity_type, entity_id, ip_address, details, created_at) VALUES (6, 3, 'create', 'tank_record', 4, '127.0.0.1', 'Created tank record for batch B-20260606-02', '2026-06-06 09:00:00');
INSERT INTO tank_records (id, date, tank_number, batch_number, milk_quantity, fat_percentage, snf_percentage, temperature, milk_type, process_operator_id, lab_incharge_id, tank_release_time, remarks, status, created_at) VALUES (5, '2026-06-06', 'T-05', 'B-20260606-03', 4553.63, 4.65, 8.65, 3.88, 'mixed', 3, NULL, NULL, 'Normal batch processing quality.', 'pending_lab', '2026-06-06 09:00:00');
INSERT INTO activity_logs (id, user_id, action, entity_type, entity_id, ip_address, details, created_at) VALUES (7, 3, 'create', 'tank_record', 5, '127.0.0.1', 'Created tank record for batch B-20260606-03', '2026-06-06 09:00:00');
INSERT INTO tank_records (id, date, tank_number, batch_number, milk_quantity, fat_percentage, snf_percentage, temperature, milk_type, process_operator_id, lab_incharge_id, tank_release_time, remarks, status, created_at) VALUES (6, '2026-06-06', 'T-05', 'B-20260606-04', 10435.94, 7.31, 9.13, 3.88, 'buffalo', 3, 2, '2026-06-06 13:09:00', 'Parameters standard. Approved for production.', 'approved', '2026-06-06 09:00:00');
INSERT INTO approvals (id, tank_record_id, approver_id, approver_role, action, comments, approved_at) VALUES (5, 6, 2, 'lab_incharge', 'approved', 'Lab parameters verified. OK.', '2026-06-06 10:30:00');
INSERT INTO activity_logs (id, user_id, action, entity_type, entity_id, ip_address, details, created_at) VALUES (8, 3, 'create', 'tank_record', 6, '127.0.0.1', 'Created tank record for batch B-20260606-04', '2026-06-06 09:00:00');
INSERT INTO activity_logs (id, user_id, action, entity_type, entity_id, ip_address, details, created_at) VALUES (9, 2, 'approved', 'tank_record', 6, '127.0.0.1', 'APPROVED tank record for batch B-20260606-04', '2026-06-06 10:30:00');
INSERT INTO tank_records (id, date, tank_number, batch_number, milk_quantity, fat_percentage, snf_percentage, temperature, milk_type, process_operator_id, lab_incharge_id, tank_release_time, remarks, status, created_at) VALUES (7, '2026-06-07', 'T-01', 'B-20260607-01', 11746.79, 5.49, 8.56, 4.66, 'mixed', 3, 2, '2026-06-07 11:51:00', 'Parameters standard. Approved for production.', 'approved', '2026-06-07 09:00:00');
INSERT INTO approvals (id, tank_record_id, approver_id, approver_role, action, comments, approved_at) VALUES (6, 7, 2, 'lab_incharge', 'approved', 'Lab parameters verified. OK.', '2026-06-07 10:30:00');
INSERT INTO approvals (id, tank_record_id, approver_id, approver_role, action, comments, approved_at) VALUES (7, 7, 1, 'admin', 'approved', 'Final approval given for processing.', '2026-06-07 11:00:00');
INSERT INTO activity_logs (id, user_id, action, entity_type, entity_id, ip_address, details, created_at) VALUES (10, 3, 'create', 'tank_record', 7, '127.0.0.1', 'Created tank record for batch B-20260607-01', '2026-06-07 09:00:00');
INSERT INTO activity_logs (id, user_id, action, entity_type, entity_id, ip_address, details, created_at) VALUES (11, 2, 'approved', 'tank_record', 7, '127.0.0.1', 'APPROVED tank record for batch B-20260607-01', '2026-06-07 10:30:00');
INSERT INTO tank_records (id, date, tank_number, batch_number, milk_quantity, fat_percentage, snf_percentage, temperature, milk_type, process_operator_id, lab_incharge_id, tank_release_time, remarks, status, created_at) VALUES (8, '2026-06-07', 'T-02', 'B-20260607-02', 10590.68, 4.60, 7.75, 5.07, 'mixed', 3, 2, NULL, 'Rejected: SNF percentage below accepted standard limits.', 'rejected', '2026-06-07 09:00:00');
INSERT INTO approvals (id, tank_record_id, approver_id, approver_role, action, comments, approved_at) VALUES (8, 8, 2, 'lab_incharge', 'rejected', 'Lab checks failed. Parameter out of range.', '2026-06-07 10:30:00');
INSERT INTO activity_logs (id, user_id, action, entity_type, entity_id, ip_address, details, created_at) VALUES (12, 3, 'create', 'tank_record', 8, '127.0.0.1', 'Created tank record for batch B-20260607-02', '2026-06-07 09:00:00');
INSERT INTO activity_logs (id, user_id, action, entity_type, entity_id, ip_address, details, created_at) VALUES (13, 2, 'rejected', 'tank_record', 8, '127.0.0.1', 'REJECTED tank record for batch B-20260607-02', '2026-06-07 10:30:00');
INSERT INTO tank_records (id, date, tank_number, batch_number, milk_quantity, fat_percentage, snf_percentage, temperature, milk_type, process_operator_id, lab_incharge_id, tank_release_time, remarks, status, created_at) VALUES (9, '2026-06-07', 'T-02', 'B-20260607-03', 9411.71, 4.78, 9.19, 4.91, 'mixed', 3, 2, '2026-06-07 12:10:00', 'Parameters standard. Approved for production.', 'approved', '2026-06-07 09:00:00');
INSERT INTO approvals (id, tank_record_id, approver_id, approver_role, action, comments, approved_at) VALUES (9, 9, 2, 'lab_incharge', 'approved', 'Lab parameters verified. OK.', '2026-06-07 10:30:00');
INSERT INTO activity_logs (id, user_id, action, entity_type, entity_id, ip_address, details, created_at) VALUES (14, 3, 'create', 'tank_record', 9, '127.0.0.1', 'Created tank record for batch B-20260607-03', '2026-06-07 09:00:00');
INSERT INTO activity_logs (id, user_id, action, entity_type, entity_id, ip_address, details, created_at) VALUES (15, 2, 'approved', 'tank_record', 9, '127.0.0.1', 'APPROVED tank record for batch B-20260607-03', '2026-06-07 10:30:00');
INSERT INTO tank_records (id, date, tank_number, batch_number, milk_quantity, fat_percentage, snf_percentage, temperature, milk_type, process_operator_id, lab_incharge_id, tank_release_time, remarks, status, created_at) VALUES (10, '2026-06-08', 'T-05', 'B-20260608-01', 4206.48, 7.11, 9.29, 3.38, 'buffalo', 3, 2, '2026-06-08 14:49:00', 'Parameters standard. Approved for production.', 'approved', '2026-06-08 09:00:00');
INSERT INTO approvals (id, tank_record_id, approver_id, approver_role, action, comments, approved_at) VALUES (10, 10, 2, 'lab_incharge', 'approved', 'Lab parameters verified. OK.', '2026-06-08 10:30:00');
INSERT INTO approvals (id, tank_record_id, approver_id, approver_role, action, comments, approved_at) VALUES (11, 10, 1, 'admin', 'approved', 'Final approval given for processing.', '2026-06-08 11:00:00');
INSERT INTO activity_logs (id, user_id, action, entity_type, entity_id, ip_address, details, created_at) VALUES (16, 3, 'create', 'tank_record', 10, '127.0.0.1', 'Created tank record for batch B-20260608-01', '2026-06-08 09:00:00');
INSERT INTO activity_logs (id, user_id, action, entity_type, entity_id, ip_address, details, created_at) VALUES (17, 2, 'approved', 'tank_record', 10, '127.0.0.1', 'APPROVED tank record for batch B-20260608-01', '2026-06-08 10:30:00');
INSERT INTO tank_records (id, date, tank_number, batch_number, milk_quantity, fat_percentage, snf_percentage, temperature, milk_type, process_operator_id, lab_incharge_id, tank_release_time, remarks, status, created_at) VALUES (11, '2026-06-08', 'T-05', 'B-20260608-02', 8384.91, 5.30, 8.60, 3.20, 'mixed', 3, 2, NULL, 'Normal batch processing quality.', 'pending_admin', '2026-06-08 09:00:00');
INSERT INTO activity_logs (id, user_id, action, entity_type, entity_id, ip_address, details, created_at) VALUES (18, 3, 'create', 'tank_record', 11, '127.0.0.1', 'Created tank record for batch B-20260608-02', '2026-06-08 09:00:00');
INSERT INTO tank_records (id, date, tank_number, batch_number, milk_quantity, fat_percentage, snf_percentage, temperature, milk_type, process_operator_id, lab_incharge_id, tank_release_time, remarks, status, created_at) VALUES (12, '2026-06-08', 'T-03', 'B-20260608-03', 10057.07, 5.43, 8.55, 3.55, 'mixed', 3, NULL, NULL, 'Normal batch processing quality.', 'draft', '2026-06-08 09:00:00');
INSERT INTO activity_logs (id, user_id, action, entity_type, entity_id, ip_address, details, created_at) VALUES (19, 3, 'create', 'tank_record', 12, '127.0.0.1', 'Created tank record for batch B-20260608-03', '2026-06-08 09:00:00');
INSERT INTO tank_records (id, date, tank_number, batch_number, milk_quantity, fat_percentage, snf_percentage, temperature, milk_type, process_operator_id, lab_incharge_id, tank_release_time, remarks, status, created_at) VALUES (13, '2026-06-09', 'T-02', 'B-20260609-01', 8274.38, 5.07, 7.95, 4.61, 'mixed', 3, 2, NULL, 'Rejected: SNF percentage below accepted standard limits.', 'rejected', '2026-06-09 09:00:00');
INSERT INTO approvals (id, tank_record_id, approver_id, approver_role, action, comments, approved_at) VALUES (12, 13, 2, 'lab_incharge', 'rejected', 'Lab checks failed. Parameter out of range.', '2026-06-09 10:30:00');
INSERT INTO activity_logs (id, user_id, action, entity_type, entity_id, ip_address, details, created_at) VALUES (20, 3, 'create', 'tank_record', 13, '127.0.0.1', 'Created tank record for batch B-20260609-01', '2026-06-09 09:00:00');
INSERT INTO activity_logs (id, user_id, action, entity_type, entity_id, ip_address, details, created_at) VALUES (21, 2, 'rejected', 'tank_record', 13, '127.0.0.1', 'REJECTED tank record for batch B-20260609-01', '2026-06-09 10:30:00');
INSERT INTO tank_records (id, date, tank_number, batch_number, milk_quantity, fat_percentage, snf_percentage, temperature, milk_type, process_operator_id, lab_incharge_id, tank_release_time, remarks, status, created_at) VALUES (14, '2026-06-09', 'T-05', 'B-20260609-02', 5168.67, 5.95, 9.06, 5.11, 'mixed', 3, 2, '2026-06-09 11:25:00', 'Parameters standard. Approved for production.', 'approved', '2026-06-09 09:00:00');
INSERT INTO approvals (id, tank_record_id, approver_id, approver_role, action, comments, approved_at) VALUES (13, 14, 2, 'lab_incharge', 'approved', 'Lab parameters verified. OK.', '2026-06-09 10:30:00');
INSERT INTO activity_logs (id, user_id, action, entity_type, entity_id, ip_address, details, created_at) VALUES (22, 3, 'create', 'tank_record', 14, '127.0.0.1', 'Created tank record for batch B-20260609-02', '2026-06-09 09:00:00');
INSERT INTO activity_logs (id, user_id, action, entity_type, entity_id, ip_address, details, created_at) VALUES (23, 2, 'approved', 'tank_record', 14, '127.0.0.1', 'APPROVED tank record for batch B-20260609-02', '2026-06-09 10:30:00');
INSERT INTO tank_records (id, date, tank_number, batch_number, milk_quantity, fat_percentage, snf_percentage, temperature, milk_type, process_operator_id, lab_incharge_id, tank_release_time, remarks, status, created_at) VALUES (15, '2026-06-10', 'T-04', 'B-20260610-01', 8791.97, 3.83, 8.44, 4.08, 'cow', 3, 2, '2026-06-10 15:57:00', 'Parameters standard. Approved for production.', 'approved', '2026-06-10 09:00:00');
INSERT INTO approvals (id, tank_record_id, approver_id, approver_role, action, comments, approved_at) VALUES (14, 15, 2, 'lab_incharge', 'approved', 'Lab parameters verified. OK.', '2026-06-10 10:30:00');
INSERT INTO approvals (id, tank_record_id, approver_id, approver_role, action, comments, approved_at) VALUES (15, 15, 1, 'admin', 'approved', 'Final approval given for processing.', '2026-06-10 11:00:00');
INSERT INTO activity_logs (id, user_id, action, entity_type, entity_id, ip_address, details, created_at) VALUES (24, 3, 'create', 'tank_record', 15, '127.0.0.1', 'Created tank record for batch B-20260610-01', '2026-06-10 09:00:00');
INSERT INTO activity_logs (id, user_id, action, entity_type, entity_id, ip_address, details, created_at) VALUES (25, 2, 'approved', 'tank_record', 15, '127.0.0.1', 'APPROVED tank record for batch B-20260610-01', '2026-06-10 10:30:00');
INSERT INTO tank_records (id, date, tank_number, batch_number, milk_quantity, fat_percentage, snf_percentage, temperature, milk_type, process_operator_id, lab_incharge_id, tank_release_time, remarks, status, created_at) VALUES (16, '2026-06-10', 'T-02', 'B-20260610-02', 11041.11, 5.30, 8.64, 4.89, 'mixed', 3, 2, '2026-06-10 14:39:00', 'Parameters standard. Approved for production.', 'approved', '2026-06-10 09:00:00');
INSERT INTO approvals (id, tank_record_id, approver_id, approver_role, action, comments, approved_at) VALUES (16, 16, 2, 'lab_incharge', 'approved', 'Lab parameters verified. OK.', '2026-06-10 10:30:00');
INSERT INTO approvals (id, tank_record_id, approver_id, approver_role, action, comments, approved_at) VALUES (17, 16, 1, 'admin', 'approved', 'Final approval given for processing.', '2026-06-10 11:00:00');
INSERT INTO activity_logs (id, user_id, action, entity_type, entity_id, ip_address, details, created_at) VALUES (26, 3, 'create', 'tank_record', 16, '127.0.0.1', 'Created tank record for batch B-20260610-02', '2026-06-10 09:00:00');
INSERT INTO activity_logs (id, user_id, action, entity_type, entity_id, ip_address, details, created_at) VALUES (27, 2, 'approved', 'tank_record', 16, '127.0.0.1', 'APPROVED tank record for batch B-20260610-02', '2026-06-10 10:30:00');
INSERT INTO tank_records (id, date, tank_number, batch_number, milk_quantity, fat_percentage, snf_percentage, temperature, milk_type, process_operator_id, lab_incharge_id, tank_release_time, remarks, status, created_at) VALUES (17, '2026-06-11', 'T-02', 'B-20260611-01', 7680.37, 4.26, 8.47, 5.49, 'cow', 3, NULL, NULL, 'Normal batch processing quality.', 'draft', '2026-06-11 09:00:00');
INSERT INTO activity_logs (id, user_id, action, entity_type, entity_id, ip_address, details, created_at) VALUES (28, 3, 'create', 'tank_record', 17, '127.0.0.1', 'Created tank record for batch B-20260611-01', '2026-06-11 09:00:00');
INSERT INTO tank_records (id, date, tank_number, batch_number, milk_quantity, fat_percentage, snf_percentage, temperature, milk_type, process_operator_id, lab_incharge_id, tank_release_time, remarks, status, created_at) VALUES (18, '2026-06-11', 'T-04', 'B-20260611-02', 10211.06, 4.85, 8.52, 8.15, 'mixed', 3, 2, NULL, 'Rejected: Temperature was above maximum limit (5.5°C).', 'rejected', '2026-06-11 09:00:00');
INSERT INTO approvals (id, tank_record_id, approver_id, approver_role, action, comments, approved_at) VALUES (18, 18, 2, 'lab_incharge', 'rejected', 'Lab checks failed. Parameter out of range.', '2026-06-11 10:30:00');
INSERT INTO activity_logs (id, user_id, action, entity_type, entity_id, ip_address, details, created_at) VALUES (29, 3, 'create', 'tank_record', 18, '127.0.0.1', 'Created tank record for batch B-20260611-02', '2026-06-11 09:00:00');
INSERT INTO activity_logs (id, user_id, action, entity_type, entity_id, ip_address, details, created_at) VALUES (30, 2, 'rejected', 'tank_record', 18, '127.0.0.1', 'REJECTED tank record for batch B-20260611-02', '2026-06-11 10:30:00');
INSERT INTO tank_records (id, date, tank_number, batch_number, milk_quantity, fat_percentage, snf_percentage, temperature, milk_type, process_operator_id, lab_incharge_id, tank_release_time, remarks, status, created_at) VALUES (19, '2026-06-11', 'T-03', 'B-20260611-03', 7583.92, 4.86, 9.01, 3.36, 'mixed', 3, 2, NULL, 'Normal batch processing quality.', 'pending_admin', '2026-06-11 09:00:00');
INSERT INTO activity_logs (id, user_id, action, entity_type, entity_id, ip_address, details, created_at) VALUES (31, 3, 'create', 'tank_record', 19, '127.0.0.1', 'Created tank record for batch B-20260611-03', '2026-06-11 09:00:00');
INSERT INTO tank_records (id, date, tank_number, batch_number, milk_quantity, fat_percentage, snf_percentage, temperature, milk_type, process_operator_id, lab_incharge_id, tank_release_time, remarks, status, created_at) VALUES (20, '2026-06-12', 'T-03', 'B-20260612-01', 10753.31, 6.51, 9.59, 5.39, 'buffalo', 3, 2, '2026-06-12 10:04:00', 'Parameters standard. Approved for production.', 'approved', '2026-06-12 09:00:00');
INSERT INTO approvals (id, tank_record_id, approver_id, approver_role, action, comments, approved_at) VALUES (19, 20, 2, 'lab_incharge', 'approved', 'Lab parameters verified. OK.', '2026-06-12 10:30:00');
INSERT INTO activity_logs (id, user_id, action, entity_type, entity_id, ip_address, details, created_at) VALUES (32, 3, 'create', 'tank_record', 20, '127.0.0.1', 'Created tank record for batch B-20260612-01', '2026-06-12 09:00:00');
INSERT INTO activity_logs (id, user_id, action, entity_type, entity_id, ip_address, details, created_at) VALUES (33, 2, 'approved', 'tank_record', 20, '127.0.0.1', 'APPROVED tank record for batch B-20260612-01', '2026-06-12 10:30:00');
INSERT INTO tank_records (id, date, tank_number, batch_number, milk_quantity, fat_percentage, snf_percentage, temperature, milk_type, process_operator_id, lab_incharge_id, tank_release_time, remarks, status, created_at) VALUES (21, '2026-06-12', 'T-05', 'B-20260612-02', 7709.85, 5.70, 8.73, 3.32, 'mixed', 3, NULL, NULL, 'Normal batch processing quality.', 'draft', '2026-06-12 09:00:00');
INSERT INTO activity_logs (id, user_id, action, entity_type, entity_id, ip_address, details, created_at) VALUES (34, 3, 'create', 'tank_record', 21, '127.0.0.1', 'Created tank record for batch B-20260612-02', '2026-06-12 09:00:00');
INSERT INTO tank_records (id, date, tank_number, batch_number, milk_quantity, fat_percentage, snf_percentage, temperature, milk_type, process_operator_id, lab_incharge_id, tank_release_time, remarks, status, created_at) VALUES (22, '2026-06-12', 'T-05', 'B-20260612-03', 9832.79, 5.11, 8.86, 4.64, 'mixed', 3, NULL, NULL, 'Normal batch processing quality.', 'pending_lab', '2026-06-12 09:00:00');
INSERT INTO activity_logs (id, user_id, action, entity_type, entity_id, ip_address, details, created_at) VALUES (35, 3, 'create', 'tank_record', 22, '127.0.0.1', 'Created tank record for batch B-20260612-03', '2026-06-12 09:00:00');
INSERT INTO tank_records (id, date, tank_number, batch_number, milk_quantity, fat_percentage, snf_percentage, temperature, milk_type, process_operator_id, lab_incharge_id, tank_release_time, remarks, status, created_at) VALUES (23, '2026-06-13', 'T-04', 'B-20260613-01', 6631.51, 3.68, 8.23, 4.99, 'cow', 3, 2, '2026-06-13 14:04:00', 'Parameters standard. Approved for production.', 'approved', '2026-06-13 09:00:00');
INSERT INTO approvals (id, tank_record_id, approver_id, approver_role, action, comments, approved_at) VALUES (20, 23, 2, 'lab_incharge', 'approved', 'Lab parameters verified. OK.', '2026-06-13 10:30:00');
INSERT INTO activity_logs (id, user_id, action, entity_type, entity_id, ip_address, details, created_at) VALUES (36, 3, 'create', 'tank_record', 23, '127.0.0.1', 'Created tank record for batch B-20260613-01', '2026-06-13 09:00:00');
INSERT INTO activity_logs (id, user_id, action, entity_type, entity_id, ip_address, details, created_at) VALUES (37, 2, 'approved', 'tank_record', 23, '127.0.0.1', 'APPROVED tank record for batch B-20260613-01', '2026-06-13 10:30:00');
INSERT INTO tank_records (id, date, tank_number, batch_number, milk_quantity, fat_percentage, snf_percentage, temperature, milk_type, process_operator_id, lab_incharge_id, tank_release_time, remarks, status, created_at) VALUES (24, '2026-06-13', 'T-04', 'B-20260613-02', 11858.23, 5.84, 9.13, 4.69, 'mixed', 3, NULL, NULL, 'Normal batch processing quality.', 'pending_lab', '2026-06-13 09:00:00');
INSERT INTO activity_logs (id, user_id, action, entity_type, entity_id, ip_address, details, created_at) VALUES (38, 3, 'create', 'tank_record', 24, '127.0.0.1', 'Created tank record for batch B-20260613-02', '2026-06-13 09:00:00');
INSERT INTO tank_records (id, date, tank_number, batch_number, milk_quantity, fat_percentage, snf_percentage, temperature, milk_type, process_operator_id, lab_incharge_id, tank_release_time, remarks, status, created_at) VALUES (25, '2026-06-13', 'T-04', 'B-20260613-03', 5117.98, 4.56, 8.61, 3.93, 'cow', 3, NULL, NULL, 'Normal batch processing quality.', 'pending_lab', '2026-06-13 09:00:00');
INSERT INTO activity_logs (id, user_id, action, entity_type, entity_id, ip_address, details, created_at) VALUES (39, 3, 'create', 'tank_record', 25, '127.0.0.1', 'Created tank record for batch B-20260613-03', '2026-06-13 09:00:00');
INSERT INTO tank_records (id, date, tank_number, batch_number, milk_quantity, fat_percentage, snf_percentage, temperature, milk_type, process_operator_id, lab_incharge_id, tank_release_time, remarks, status, created_at) VALUES (26, '2026-06-14', 'T-01', 'B-20260614-01', 9712.65, 4.38, 8.31, 7.62, 'cow', 3, 2, NULL, 'Rejected: Temperature was above maximum limit (5.5°C).', 'rejected', '2026-06-14 09:00:00');
INSERT INTO approvals (id, tank_record_id, approver_id, approver_role, action, comments, approved_at) VALUES (21, 26, 2, 'lab_incharge', 'rejected', 'Lab checks failed. Parameter out of range.', '2026-06-14 10:30:00');
INSERT INTO activity_logs (id, user_id, action, entity_type, entity_id, ip_address, details, created_at) VALUES (40, 3, 'create', 'tank_record', 26, '127.0.0.1', 'Created tank record for batch B-20260614-01', '2026-06-14 09:00:00');
INSERT INTO activity_logs (id, user_id, action, entity_type, entity_id, ip_address, details, created_at) VALUES (41, 2, 'rejected', 'tank_record', 26, '127.0.0.1', 'REJECTED tank record for batch B-20260614-01', '2026-06-14 10:30:00');
INSERT INTO tank_records (id, date, tank_number, batch_number, milk_quantity, fat_percentage, snf_percentage, temperature, milk_type, process_operator_id, lab_incharge_id, tank_release_time, remarks, status, created_at) VALUES (27, '2026-06-14', 'T-01', 'B-20260614-02', 5317.11, 7.85, 9.07, 4.67, 'buffalo', 3, 2, '2026-06-14 12:24:00', 'Parameters standard. Approved for production.', 'approved', '2026-06-14 09:00:00');
INSERT INTO approvals (id, tank_record_id, approver_id, approver_role, action, comments, approved_at) VALUES (22, 27, 2, 'lab_incharge', 'approved', 'Lab parameters verified. OK.', '2026-06-14 10:30:00');
INSERT INTO activity_logs (id, user_id, action, entity_type, entity_id, ip_address, details, created_at) VALUES (42, 3, 'create', 'tank_record', 27, '127.0.0.1', 'Created tank record for batch B-20260614-02', '2026-06-14 09:00:00');
INSERT INTO activity_logs (id, user_id, action, entity_type, entity_id, ip_address, details, created_at) VALUES (43, 2, 'approved', 'tank_record', 27, '127.0.0.1', 'APPROVED tank record for batch B-20260614-02', '2026-06-14 10:30:00');
INSERT INTO tank_records (id, date, tank_number, batch_number, milk_quantity, fat_percentage, snf_percentage, temperature, milk_type, process_operator_id, lab_incharge_id, tank_release_time, remarks, status, created_at) VALUES (28, '2026-06-15', 'T-01', 'B-20260615-01', 4287.71, 7.04, 9.71, 3.78, 'buffalo', 3, 2, '2026-06-15 11:46:00', 'Parameters standard. Approved for production.', 'approved', '2026-06-15 09:00:00');
INSERT INTO approvals (id, tank_record_id, approver_id, approver_role, action, comments, approved_at) VALUES (23, 28, 2, 'lab_incharge', 'approved', 'Lab parameters verified. OK.', '2026-06-15 10:30:00');
INSERT INTO activity_logs (id, user_id, action, entity_type, entity_id, ip_address, details, created_at) VALUES (44, 3, 'create', 'tank_record', 28, '127.0.0.1', 'Created tank record for batch B-20260615-01', '2026-06-15 09:00:00');
INSERT INTO activity_logs (id, user_id, action, entity_type, entity_id, ip_address, details, created_at) VALUES (45, 2, 'approved', 'tank_record', 28, '127.0.0.1', 'APPROVED tank record for batch B-20260615-01', '2026-06-15 10:30:00');
INSERT INTO tank_records (id, date, tank_number, batch_number, milk_quantity, fat_percentage, snf_percentage, temperature, milk_type, process_operator_id, lab_incharge_id, tank_release_time, remarks, status, created_at) VALUES (29, '2026-06-15', 'T-01', 'B-20260615-02', 6490.73, 7.69, 9.01, 5.33, 'buffalo', 3, 2, '2026-06-15 13:49:00', 'Parameters standard. Approved for production.', 'approved', '2026-06-15 09:00:00');
INSERT INTO approvals (id, tank_record_id, approver_id, approver_role, action, comments, approved_at) VALUES (24, 29, 2, 'lab_incharge', 'approved', 'Lab parameters verified. OK.', '2026-06-15 10:30:00');
INSERT INTO approvals (id, tank_record_id, approver_id, approver_role, action, comments, approved_at) VALUES (25, 29, 1, 'admin', 'approved', 'Final approval given for processing.', '2026-06-15 11:00:00');
INSERT INTO activity_logs (id, user_id, action, entity_type, entity_id, ip_address, details, created_at) VALUES (46, 3, 'create', 'tank_record', 29, '127.0.0.1', 'Created tank record for batch B-20260615-02', '2026-06-15 09:00:00');
INSERT INTO activity_logs (id, user_id, action, entity_type, entity_id, ip_address, details, created_at) VALUES (47, 2, 'approved', 'tank_record', 29, '127.0.0.1', 'APPROVED tank record for batch B-20260615-02', '2026-06-15 10:30:00');
INSERT INTO tank_records (id, date, tank_number, batch_number, milk_quantity, fat_percentage, snf_percentage, temperature, milk_type, process_operator_id, lab_incharge_id, tank_release_time, remarks, status, created_at) VALUES (30, '2026-06-15', 'T-04', 'B-20260615-03', 9229.73, 4.25, 8.38, 3.42, 'cow', 3, 2, NULL, 'Normal batch processing quality.', 'pending_admin', '2026-06-15 09:00:00');
INSERT INTO activity_logs (id, user_id, action, entity_type, entity_id, ip_address, details, created_at) VALUES (48, 3, 'create', 'tank_record', 30, '127.0.0.1', 'Created tank record for batch B-20260615-03', '2026-06-15 09:00:00');
INSERT INTO tank_records (id, date, tank_number, batch_number, milk_quantity, fat_percentage, snf_percentage, temperature, milk_type, process_operator_id, lab_incharge_id, tank_release_time, remarks, status, created_at) VALUES (31, '2026-06-15', 'T-01', 'B-20260615-04', 5099.20, 7.88, 9.37, 4.23, 'buffalo', 3, 2, '2026-06-15 11:58:00', 'Parameters standard. Approved for production.', 'approved', '2026-06-15 09:00:00');
INSERT INTO approvals (id, tank_record_id, approver_id, approver_role, action, comments, approved_at) VALUES (26, 31, 2, 'lab_incharge', 'approved', 'Lab parameters verified. OK.', '2026-06-15 10:30:00');
INSERT INTO approvals (id, tank_record_id, approver_id, approver_role, action, comments, approved_at) VALUES (27, 31, 1, 'admin', 'approved', 'Final approval given for processing.', '2026-06-15 11:00:00');
INSERT INTO activity_logs (id, user_id, action, entity_type, entity_id, ip_address, details, created_at) VALUES (49, 3, 'create', 'tank_record', 31, '127.0.0.1', 'Created tank record for batch B-20260615-04', '2026-06-15 09:00:00');
INSERT INTO activity_logs (id, user_id, action, entity_type, entity_id, ip_address, details, created_at) VALUES (50, 2, 'approved', 'tank_record', 31, '127.0.0.1', 'APPROVED tank record for batch B-20260615-04', '2026-06-15 10:30:00');
INSERT INTO tank_records (id, date, tank_number, batch_number, milk_quantity, fat_percentage, snf_percentage, temperature, milk_type, process_operator_id, lab_incharge_id, tank_release_time, remarks, status, created_at) VALUES (32, '2026-06-16', 'T-02', 'B-20260616-01', 5179.50, 4.44, 8.52, 4.80, 'cow', 3, 2, '2026-06-16 13:01:00', 'Parameters standard. Approved for production.', 'approved', '2026-06-16 09:00:00');
INSERT INTO approvals (id, tank_record_id, approver_id, approver_role, action, comments, approved_at) VALUES (28, 32, 2, 'lab_incharge', 'approved', 'Lab parameters verified. OK.', '2026-06-16 10:30:00');
INSERT INTO activity_logs (id, user_id, action, entity_type, entity_id, ip_address, details, created_at) VALUES (51, 3, 'create', 'tank_record', 32, '127.0.0.1', 'Created tank record for batch B-20260616-01', '2026-06-16 09:00:00');
INSERT INTO activity_logs (id, user_id, action, entity_type, entity_id, ip_address, details, created_at) VALUES (52, 2, 'approved', 'tank_record', 32, '127.0.0.1', 'APPROVED tank record for batch B-20260616-01', '2026-06-16 10:30:00');
INSERT INTO tank_records (id, date, tank_number, batch_number, milk_quantity, fat_percentage, snf_percentage, temperature, milk_type, process_operator_id, lab_incharge_id, tank_release_time, remarks, status, created_at) VALUES (33, '2026-06-16', 'T-05', 'B-20260616-02', 5629.94, 4.55, 9.14, 5.34, 'mixed', 3, NULL, NULL, 'Normal batch processing quality.', 'draft', '2026-06-16 09:00:00');
INSERT INTO activity_logs (id, user_id, action, entity_type, entity_id, ip_address, details, created_at) VALUES (53, 3, 'create', 'tank_record', 33, '127.0.0.1', 'Created tank record for batch B-20260616-02', '2026-06-16 09:00:00');
INSERT INTO tank_records (id, date, tank_number, batch_number, milk_quantity, fat_percentage, snf_percentage, temperature, milk_type, process_operator_id, lab_incharge_id, tank_release_time, remarks, status, created_at) VALUES (34, '2026-06-17', 'T-02', 'B-20260617-01', 10584.58, 3.76, 8.65, 7.80, 'cow', 3, 2, NULL, 'Rejected: Temperature was above maximum limit (5.5°C).', 'rejected', '2026-06-17 09:00:00');
INSERT INTO approvals (id, tank_record_id, approver_id, approver_role, action, comments, approved_at) VALUES (29, 34, 2, 'lab_incharge', 'rejected', 'Lab checks failed. Parameter out of range.', '2026-06-17 10:30:00');
INSERT INTO activity_logs (id, user_id, action, entity_type, entity_id, ip_address, details, created_at) VALUES (54, 3, 'create', 'tank_record', 34, '127.0.0.1', 'Created tank record for batch B-20260617-01', '2026-06-17 09:00:00');
INSERT INTO activity_logs (id, user_id, action, entity_type, entity_id, ip_address, details, created_at) VALUES (55, 2, 'rejected', 'tank_record', 34, '127.0.0.1', 'REJECTED tank record for batch B-20260617-01', '2026-06-17 10:30:00');
INSERT INTO tank_records (id, date, tank_number, batch_number, milk_quantity, fat_percentage, snf_percentage, temperature, milk_type, process_operator_id, lab_incharge_id, tank_release_time, remarks, status, created_at) VALUES (35, '2026-06-17', 'T-03', 'B-20260617-02', 9015.92, 7.50, 9.10, 4.80, 'buffalo', 3, 2, '2026-06-17 10:29:00', 'Parameters standard. Approved for production.', 'approved', '2026-06-17 09:00:00');
INSERT INTO approvals (id, tank_record_id, approver_id, approver_role, action, comments, approved_at) VALUES (30, 35, 2, 'lab_incharge', 'approved', 'Lab parameters verified. OK.', '2026-06-17 10:30:00');
INSERT INTO activity_logs (id, user_id, action, entity_type, entity_id, ip_address, details, created_at) VALUES (56, 3, 'create', 'tank_record', 35, '127.0.0.1', 'Created tank record for batch B-20260617-02', '2026-06-17 09:00:00');
INSERT INTO activity_logs (id, user_id, action, entity_type, entity_id, ip_address, details, created_at) VALUES (57, 2, 'approved', 'tank_record', 35, '127.0.0.1', 'APPROVED tank record for batch B-20260617-02', '2026-06-17 10:30:00');
INSERT INTO tank_records (id, date, tank_number, batch_number, milk_quantity, fat_percentage, snf_percentage, temperature, milk_type, process_operator_id, lab_incharge_id, tank_release_time, remarks, status, created_at) VALUES (36, '2026-06-17', 'T-02', 'B-20260617-03', 11089.61, 3.58, 8.41, 4.17, 'cow', 3, 2, '2026-06-17 13:09:00', 'Parameters standard. Approved for production.', 'approved', '2026-06-17 09:00:00');
INSERT INTO approvals (id, tank_record_id, approver_id, approver_role, action, comments, approved_at) VALUES (31, 36, 2, 'lab_incharge', 'approved', 'Lab parameters verified. OK.', '2026-06-17 10:30:00');
INSERT INTO activity_logs (id, user_id, action, entity_type, entity_id, ip_address, details, created_at) VALUES (58, 3, 'create', 'tank_record', 36, '127.0.0.1', 'Created tank record for batch B-20260617-03', '2026-06-17 09:00:00');
INSERT INTO activity_logs (id, user_id, action, entity_type, entity_id, ip_address, details, created_at) VALUES (59, 2, 'approved', 'tank_record', 36, '127.0.0.1', 'APPROVED tank record for batch B-20260617-03', '2026-06-17 10:30:00');
INSERT INTO tank_records (id, date, tank_number, batch_number, milk_quantity, fat_percentage, snf_percentage, temperature, milk_type, process_operator_id, lab_incharge_id, tank_release_time, remarks, status, created_at) VALUES (37, '2026-06-18', 'T-03', 'B-20260618-01', 6206.59, 3.87, 8.64, 5.19, 'cow', 3, 2, '2026-06-18 10:01:00', 'Parameters standard. Approved for production.', 'approved', '2026-06-18 09:00:00');
INSERT INTO approvals (id, tank_record_id, approver_id, approver_role, action, comments, approved_at) VALUES (32, 37, 2, 'lab_incharge', 'approved', 'Lab parameters verified. OK.', '2026-06-18 10:30:00');
INSERT INTO approvals (id, tank_record_id, approver_id, approver_role, action, comments, approved_at) VALUES (33, 37, 1, 'admin', 'approved', 'Final approval given for processing.', '2026-06-18 11:00:00');
INSERT INTO activity_logs (id, user_id, action, entity_type, entity_id, ip_address, details, created_at) VALUES (60, 3, 'create', 'tank_record', 37, '127.0.0.1', 'Created tank record for batch B-20260618-01', '2026-06-18 09:00:00');
INSERT INTO activity_logs (id, user_id, action, entity_type, entity_id, ip_address, details, created_at) VALUES (61, 2, 'approved', 'tank_record', 37, '127.0.0.1', 'APPROVED tank record for batch B-20260618-01', '2026-06-18 10:30:00');
INSERT INTO tank_records (id, date, tank_number, batch_number, milk_quantity, fat_percentage, snf_percentage, temperature, milk_type, process_operator_id, lab_incharge_id, tank_release_time, remarks, status, created_at) VALUES (38, '2026-06-18', 'T-03', 'B-20260618-02', 5723.55, 8.13, 9.14, 4.47, 'buffalo', 3, NULL, NULL, 'Normal batch processing quality.', 'draft', '2026-06-18 09:00:00');
INSERT INTO activity_logs (id, user_id, action, entity_type, entity_id, ip_address, details, created_at) VALUES (62, 3, 'create', 'tank_record', 38, '127.0.0.1', 'Created tank record for batch B-20260618-02', '2026-06-18 09:00:00');
INSERT INTO tank_records (id, date, tank_number, batch_number, milk_quantity, fat_percentage, snf_percentage, temperature, milk_type, process_operator_id, lab_incharge_id, tank_release_time, remarks, status, created_at) VALUES (39, '2026-06-18', 'T-03', 'B-20260618-03', 10507.08, 3.65, 8.51, 9.23, 'cow', 3, 2, NULL, 'Rejected: Temperature was above maximum limit (5.5°C).', 'rejected', '2026-06-18 09:00:00');
INSERT INTO approvals (id, tank_record_id, approver_id, approver_role, action, comments, approved_at) VALUES (34, 39, 2, 'lab_incharge', 'rejected', 'Lab checks failed. Parameter out of range.', '2026-06-18 10:30:00');
INSERT INTO activity_logs (id, user_id, action, entity_type, entity_id, ip_address, details, created_at) VALUES (63, 3, 'create', 'tank_record', 39, '127.0.0.1', 'Created tank record for batch B-20260618-03', '2026-06-18 09:00:00');
INSERT INTO activity_logs (id, user_id, action, entity_type, entity_id, ip_address, details, created_at) VALUES (64, 2, 'rejected', 'tank_record', 39, '127.0.0.1', 'REJECTED tank record for batch B-20260618-03', '2026-06-18 10:30:00');
INSERT INTO tank_records (id, date, tank_number, batch_number, milk_quantity, fat_percentage, snf_percentage, temperature, milk_type, process_operator_id, lab_incharge_id, tank_release_time, remarks, status, created_at) VALUES (40, '2026-06-19', 'T-05', 'B-20260619-01', 8938.76, 6.45, 9.60, 5.34, 'buffalo', 3, 2, '2026-06-19 11:42:00', 'Parameters standard. Approved for production.', 'approved', '2026-06-19 09:00:00');
INSERT INTO approvals (id, tank_record_id, approver_id, approver_role, action, comments, approved_at) VALUES (35, 40, 2, 'lab_incharge', 'approved', 'Lab parameters verified. OK.', '2026-06-19 10:30:00');
INSERT INTO activity_logs (id, user_id, action, entity_type, entity_id, ip_address, details, created_at) VALUES (65, 3, 'create', 'tank_record', 40, '127.0.0.1', 'Created tank record for batch B-20260619-01', '2026-06-19 09:00:00');
INSERT INTO activity_logs (id, user_id, action, entity_type, entity_id, ip_address, details, created_at) VALUES (66, 2, 'approved', 'tank_record', 40, '127.0.0.1', 'APPROVED tank record for batch B-20260619-01', '2026-06-19 10:30:00');
INSERT INTO tank_records (id, date, tank_number, batch_number, milk_quantity, fat_percentage, snf_percentage, temperature, milk_type, process_operator_id, lab_incharge_id, tank_release_time, remarks, status, created_at) VALUES (41, '2026-06-19', 'T-02', 'B-20260619-02', 8108.75, 4.57, 8.32, 4.16, 'cow', 3, 2, '2026-06-19 11:33:00', 'Parameters standard. Approved for production.', 'approved', '2026-06-19 09:00:00');
INSERT INTO approvals (id, tank_record_id, approver_id, approver_role, action, comments, approved_at) VALUES (36, 41, 2, 'lab_incharge', 'approved', 'Lab parameters verified. OK.', '2026-06-19 10:30:00');
INSERT INTO activity_logs (id, user_id, action, entity_type, entity_id, ip_address, details, created_at) VALUES (67, 3, 'create', 'tank_record', 41, '127.0.0.1', 'Created tank record for batch B-20260619-02', '2026-06-19 09:00:00');
INSERT INTO activity_logs (id, user_id, action, entity_type, entity_id, ip_address, details, created_at) VALUES (68, 2, 'approved', 'tank_record', 41, '127.0.0.1', 'APPROVED tank record for batch B-20260619-02', '2026-06-19 10:30:00');
INSERT INTO tank_records (id, date, tank_number, batch_number, milk_quantity, fat_percentage, snf_percentage, temperature, milk_type, process_operator_id, lab_incharge_id, tank_release_time, remarks, status, created_at) VALUES (42, '2026-06-19', 'T-04', 'B-20260619-03', 11359.60, 6.12, 9.10, 3.03, 'buffalo', 3, 2, '2026-06-19 15:32:00', 'Parameters standard. Approved for production.', 'approved', '2026-06-19 09:00:00');
INSERT INTO approvals (id, tank_record_id, approver_id, approver_role, action, comments, approved_at) VALUES (37, 42, 2, 'lab_incharge', 'approved', 'Lab parameters verified. OK.', '2026-06-19 10:30:00');
INSERT INTO approvals (id, tank_record_id, approver_id, approver_role, action, comments, approved_at) VALUES (38, 42, 1, 'admin', 'approved', 'Final approval given for processing.', '2026-06-19 11:00:00');
INSERT INTO activity_logs (id, user_id, action, entity_type, entity_id, ip_address, details, created_at) VALUES (69, 3, 'create', 'tank_record', 42, '127.0.0.1', 'Created tank record for batch B-20260619-03', '2026-06-19 09:00:00');
INSERT INTO activity_logs (id, user_id, action, entity_type, entity_id, ip_address, details, created_at) VALUES (70, 2, 'approved', 'tank_record', 42, '127.0.0.1', 'APPROVED tank record for batch B-20260619-03', '2026-06-19 10:30:00');
INSERT INTO tank_records (id, date, tank_number, batch_number, milk_quantity, fat_percentage, snf_percentage, temperature, milk_type, process_operator_id, lab_incharge_id, tank_release_time, remarks, status, created_at) VALUES (43, '2026-06-19', 'T-02', 'B-20260619-04', 9108.69, 3.67, 8.87, 3.60, 'cow', 3, 2, '2026-06-19 14:02:00', 'Parameters standard. Approved for production.', 'approved', '2026-06-19 09:00:00');
INSERT INTO approvals (id, tank_record_id, approver_id, approver_role, action, comments, approved_at) VALUES (39, 43, 2, 'lab_incharge', 'approved', 'Lab parameters verified. OK.', '2026-06-19 10:30:00');
INSERT INTO approvals (id, tank_record_id, approver_id, approver_role, action, comments, approved_at) VALUES (40, 43, 1, 'admin', 'approved', 'Final approval given for processing.', '2026-06-19 11:00:00');
INSERT INTO activity_logs (id, user_id, action, entity_type, entity_id, ip_address, details, created_at) VALUES (71, 3, 'create', 'tank_record', 43, '127.0.0.1', 'Created tank record for batch B-20260619-04', '2026-06-19 09:00:00');
INSERT INTO activity_logs (id, user_id, action, entity_type, entity_id, ip_address, details, created_at) VALUES (72, 2, 'approved', 'tank_record', 43, '127.0.0.1', 'APPROVED tank record for batch B-20260619-04', '2026-06-19 10:30:00');
INSERT INTO tank_records (id, date, tank_number, batch_number, milk_quantity, fat_percentage, snf_percentage, temperature, milk_type, process_operator_id, lab_incharge_id, tank_release_time, remarks, status, created_at) VALUES (44, '2026-06-20', 'T-05', 'B-20260620-01', 5569.34, 3.88, 8.76, 3.54, 'cow', 3, 2, '2026-06-20 11:52:00', 'Parameters standard. Approved for production.', 'approved', '2026-06-20 09:00:00');
INSERT INTO approvals (id, tank_record_id, approver_id, approver_role, action, comments, approved_at) VALUES (41, 44, 2, 'lab_incharge', 'approved', 'Lab parameters verified. OK.', '2026-06-20 10:30:00');
INSERT INTO approvals (id, tank_record_id, approver_id, approver_role, action, comments, approved_at) VALUES (42, 44, 1, 'admin', 'approved', 'Final approval given for processing.', '2026-06-20 11:00:00');
INSERT INTO activity_logs (id, user_id, action, entity_type, entity_id, ip_address, details, created_at) VALUES (73, 3, 'create', 'tank_record', 44, '127.0.0.1', 'Created tank record for batch B-20260620-01', '2026-06-20 09:00:00');
INSERT INTO activity_logs (id, user_id, action, entity_type, entity_id, ip_address, details, created_at) VALUES (74, 2, 'approved', 'tank_record', 44, '127.0.0.1', 'APPROVED tank record for batch B-20260620-01', '2026-06-20 10:30:00');
INSERT INTO tank_records (id, date, tank_number, batch_number, milk_quantity, fat_percentage, snf_percentage, temperature, milk_type, process_operator_id, lab_incharge_id, tank_release_time, remarks, status, created_at) VALUES (45, '2026-06-20', 'T-03', 'B-20260620-02', 6106.78, 3.53, 8.61, 3.77, 'cow', 3, 2, '2026-06-20 11:32:00', 'Parameters standard. Approved for production.', 'approved', '2026-06-20 09:00:00');
INSERT INTO approvals (id, tank_record_id, approver_id, approver_role, action, comments, approved_at) VALUES (43, 45, 2, 'lab_incharge', 'approved', 'Lab parameters verified. OK.', '2026-06-20 10:30:00');
INSERT INTO approvals (id, tank_record_id, approver_id, approver_role, action, comments, approved_at) VALUES (44, 45, 1, 'admin', 'approved', 'Final approval given for processing.', '2026-06-20 11:00:00');
INSERT INTO activity_logs (id, user_id, action, entity_type, entity_id, ip_address, details, created_at) VALUES (75, 3, 'create', 'tank_record', 45, '127.0.0.1', 'Created tank record for batch B-20260620-02', '2026-06-20 09:00:00');
INSERT INTO activity_logs (id, user_id, action, entity_type, entity_id, ip_address, details, created_at) VALUES (76, 2, 'approved', 'tank_record', 45, '127.0.0.1', 'APPROVED tank record for batch B-20260620-02', '2026-06-20 10:30:00');
INSERT INTO tank_records (id, date, tank_number, batch_number, milk_quantity, fat_percentage, snf_percentage, temperature, milk_type, process_operator_id, lab_incharge_id, tank_release_time, remarks, status, created_at) VALUES (46, '2026-06-20', 'T-01', 'B-20260620-03', 7272.41, 3.80, 8.57, 5.03, 'cow', 3, 2, NULL, 'Normal batch processing quality.', 'pending_admin', '2026-06-20 09:00:00');
INSERT INTO activity_logs (id, user_id, action, entity_type, entity_id, ip_address, details, created_at) VALUES (77, 3, 'create', 'tank_record', 46, '127.0.0.1', 'Created tank record for batch B-20260620-03', '2026-06-20 09:00:00');
INSERT INTO tank_records (id, date, tank_number, batch_number, milk_quantity, fat_percentage, snf_percentage, temperature, milk_type, process_operator_id, lab_incharge_id, tank_release_time, remarks, status, created_at) VALUES (47, '2026-06-21', 'T-01', 'B-20260621-01', 6316.38, 5.98, 9.13, 3.81, 'mixed', 3, 2, '2026-06-21 15:14:00', 'Parameters standard. Approved for production.', 'approved', '2026-06-21 09:00:00');
INSERT INTO approvals (id, tank_record_id, approver_id, approver_role, action, comments, approved_at) VALUES (45, 47, 2, 'lab_incharge', 'approved', 'Lab parameters verified. OK.', '2026-06-21 10:30:00');
INSERT INTO activity_logs (id, user_id, action, entity_type, entity_id, ip_address, details, created_at) VALUES (78, 3, 'create', 'tank_record', 47, '127.0.0.1', 'Created tank record for batch B-20260621-01', '2026-06-21 09:00:00');
INSERT INTO activity_logs (id, user_id, action, entity_type, entity_id, ip_address, details, created_at) VALUES (79, 2, 'approved', 'tank_record', 47, '127.0.0.1', 'APPROVED tank record for batch B-20260621-01', '2026-06-21 10:30:00');
INSERT INTO tank_records (id, date, tank_number, batch_number, milk_quantity, fat_percentage, snf_percentage, temperature, milk_type, process_operator_id, lab_incharge_id, tank_release_time, remarks, status, created_at) VALUES (48, '2026-06-21', 'T-05', 'B-20260621-02', 6716.53, 8.12, 9.39, 4.47, 'buffalo', 3, NULL, NULL, 'Normal batch processing quality.', 'pending_lab', '2026-06-21 09:00:00');
INSERT INTO activity_logs (id, user_id, action, entity_type, entity_id, ip_address, details, created_at) VALUES (80, 3, 'create', 'tank_record', 48, '127.0.0.1', 'Created tank record for batch B-20260621-02', '2026-06-21 09:00:00');
INSERT INTO tank_records (id, date, tank_number, batch_number, milk_quantity, fat_percentage, snf_percentage, temperature, milk_type, process_operator_id, lab_incharge_id, tank_release_time, remarks, status, created_at) VALUES (49, '2026-06-21', 'T-02', 'B-20260621-03', 9209.63, 4.03, 8.57, 4.84, 'cow', 3, 2, NULL, 'Normal batch processing quality.', 'pending_admin', '2026-06-21 09:00:00');
INSERT INTO activity_logs (id, user_id, action, entity_type, entity_id, ip_address, details, created_at) VALUES (81, 3, 'create', 'tank_record', 49, '127.0.0.1', 'Created tank record for batch B-20260621-03', '2026-06-21 09:00:00');
INSERT INTO tank_records (id, date, tank_number, batch_number, milk_quantity, fat_percentage, snf_percentage, temperature, milk_type, process_operator_id, lab_incharge_id, tank_release_time, remarks, status, created_at) VALUES (50, '2026-06-21', 'T-03', 'B-20260621-04', 8669.19, 3.53, 8.25, 4.20, 'cow', 3, 2, '2026-06-21 15:18:00', 'Parameters standard. Approved for production.', 'approved', '2026-06-21 09:00:00');
INSERT INTO approvals (id, tank_record_id, approver_id, approver_role, action, comments, approved_at) VALUES (46, 50, 2, 'lab_incharge', 'approved', 'Lab parameters verified. OK.', '2026-06-21 10:30:00');
INSERT INTO approvals (id, tank_record_id, approver_id, approver_role, action, comments, approved_at) VALUES (47, 50, 1, 'admin', 'approved', 'Final approval given for processing.', '2026-06-21 11:00:00');
INSERT INTO activity_logs (id, user_id, action, entity_type, entity_id, ip_address, details, created_at) VALUES (82, 3, 'create', 'tank_record', 50, '127.0.0.1', 'Created tank record for batch B-20260621-04', '2026-06-21 09:00:00');
INSERT INTO activity_logs (id, user_id, action, entity_type, entity_id, ip_address, details, created_at) VALUES (83, 2, 'approved', 'tank_record', 50, '127.0.0.1', 'APPROVED tank record for batch B-20260621-04', '2026-06-21 10:30:00');
INSERT INTO tank_records (id, date, tank_number, batch_number, milk_quantity, fat_percentage, snf_percentage, temperature, milk_type, process_operator_id, lab_incharge_id, tank_release_time, remarks, status, created_at) VALUES (51, '2026-06-22', 'T-01', 'B-20260622-01', 8233.53, 7.40, 9.13, 5.36, 'buffalo', 3, NULL, NULL, 'Normal batch processing quality.', 'draft', '2026-06-22 09:00:00');
INSERT INTO activity_logs (id, user_id, action, entity_type, entity_id, ip_address, details, created_at) VALUES (84, 3, 'create', 'tank_record', 51, '127.0.0.1', 'Created tank record for batch B-20260622-01', '2026-06-22 09:00:00');
INSERT INTO tank_records (id, date, tank_number, batch_number, milk_quantity, fat_percentage, snf_percentage, temperature, milk_type, process_operator_id, lab_incharge_id, tank_release_time, remarks, status, created_at) VALUES (52, '2026-06-22', 'T-05', 'B-20260622-02', 9840.74, 5.74, 9.04, 3.20, 'mixed', 3, 2, '2026-06-22 11:11:00', 'Parameters standard. Approved for production.', 'approved', '2026-06-22 09:00:00');
INSERT INTO approvals (id, tank_record_id, approver_id, approver_role, action, comments, approved_at) VALUES (48, 52, 2, 'lab_incharge', 'approved', 'Lab parameters verified. OK.', '2026-06-22 10:30:00');
INSERT INTO activity_logs (id, user_id, action, entity_type, entity_id, ip_address, details, created_at) VALUES (85, 3, 'create', 'tank_record', 52, '127.0.0.1', 'Created tank record for batch B-20260622-02', '2026-06-22 09:00:00');
INSERT INTO activity_logs (id, user_id, action, entity_type, entity_id, ip_address, details, created_at) VALUES (86, 2, 'approved', 'tank_record', 52, '127.0.0.1', 'APPROVED tank record for batch B-20260622-02', '2026-06-22 10:30:00');
INSERT INTO tank_records (id, date, tank_number, batch_number, milk_quantity, fat_percentage, snf_percentage, temperature, milk_type, process_operator_id, lab_incharge_id, tank_release_time, remarks, status, created_at) VALUES (53, '2026-06-23', 'T-01', 'B-20260623-01', 8869.32, 6.14, 9.56, 3.03, 'buffalo', 3, 2, '2026-06-23 15:03:00', 'Parameters standard. Approved for production.', 'approved', '2026-06-23 09:00:00');
INSERT INTO approvals (id, tank_record_id, approver_id, approver_role, action, comments, approved_at) VALUES (49, 53, 2, 'lab_incharge', 'approved', 'Lab parameters verified. OK.', '2026-06-23 10:30:00');
INSERT INTO approvals (id, tank_record_id, approver_id, approver_role, action, comments, approved_at) VALUES (50, 53, 1, 'admin', 'approved', 'Final approval given for processing.', '2026-06-23 11:00:00');
INSERT INTO activity_logs (id, user_id, action, entity_type, entity_id, ip_address, details, created_at) VALUES (87, 3, 'create', 'tank_record', 53, '127.0.0.1', 'Created tank record for batch B-20260623-01', '2026-06-23 09:00:00');
INSERT INTO activity_logs (id, user_id, action, entity_type, entity_id, ip_address, details, created_at) VALUES (88, 2, 'approved', 'tank_record', 53, '127.0.0.1', 'APPROVED tank record for batch B-20260623-01', '2026-06-23 10:30:00');
INSERT INTO tank_records (id, date, tank_number, batch_number, milk_quantity, fat_percentage, snf_percentage, temperature, milk_type, process_operator_id, lab_incharge_id, tank_release_time, remarks, status, created_at) VALUES (54, '2026-06-23', 'T-05', 'B-20260623-02', 8831.10, 6.67, 9.17, 3.53, 'buffalo', 3, 2, '2026-06-23 11:46:00', 'Parameters standard. Approved for production.', 'approved', '2026-06-23 09:00:00');
INSERT INTO approvals (id, tank_record_id, approver_id, approver_role, action, comments, approved_at) VALUES (51, 54, 2, 'lab_incharge', 'approved', 'Lab parameters verified. OK.', '2026-06-23 10:30:00');
INSERT INTO approvals (id, tank_record_id, approver_id, approver_role, action, comments, approved_at) VALUES (52, 54, 1, 'admin', 'approved', 'Final approval given for processing.', '2026-06-23 11:00:00');
INSERT INTO activity_logs (id, user_id, action, entity_type, entity_id, ip_address, details, created_at) VALUES (89, 3, 'create', 'tank_record', 54, '127.0.0.1', 'Created tank record for batch B-20260623-02', '2026-06-23 09:00:00');
INSERT INTO activity_logs (id, user_id, action, entity_type, entity_id, ip_address, details, created_at) VALUES (90, 2, 'approved', 'tank_record', 54, '127.0.0.1', 'APPROVED tank record for batch B-20260623-02', '2026-06-23 10:30:00');
INSERT INTO tank_records (id, date, tank_number, batch_number, milk_quantity, fat_percentage, snf_percentage, temperature, milk_type, process_operator_id, lab_incharge_id, tank_release_time, remarks, status, created_at) VALUES (55, '2026-06-23', 'T-04', 'B-20260623-03', 4932.26, 5.73, 8.71, 4.96, 'mixed', 3, 2, '2026-06-23 13:45:00', 'Parameters standard. Approved for production.', 'approved', '2026-06-23 09:00:00');
INSERT INTO approvals (id, tank_record_id, approver_id, approver_role, action, comments, approved_at) VALUES (53, 55, 2, 'lab_incharge', 'approved', 'Lab parameters verified. OK.', '2026-06-23 10:30:00');
INSERT INTO activity_logs (id, user_id, action, entity_type, entity_id, ip_address, details, created_at) VALUES (91, 3, 'create', 'tank_record', 55, '127.0.0.1', 'Created tank record for batch B-20260623-03', '2026-06-23 09:00:00');
INSERT INTO activity_logs (id, user_id, action, entity_type, entity_id, ip_address, details, created_at) VALUES (92, 2, 'approved', 'tank_record', 55, '127.0.0.1', 'APPROVED tank record for batch B-20260623-03', '2026-06-23 10:30:00');
INSERT INTO tank_records (id, date, tank_number, batch_number, milk_quantity, fat_percentage, snf_percentage, temperature, milk_type, process_operator_id, lab_incharge_id, tank_release_time, remarks, status, created_at) VALUES (56, '2026-06-24', 'T-02', 'B-20260624-01', 8372.54, 5.18, 8.57, 4.22, 'mixed', 3, 2, '2026-06-24 11:58:00', 'Parameters standard. Approved for production.', 'approved', '2026-06-24 09:00:00');
INSERT INTO approvals (id, tank_record_id, approver_id, approver_role, action, comments, approved_at) VALUES (54, 56, 2, 'lab_incharge', 'approved', 'Lab parameters verified. OK.', '2026-06-24 10:30:00');
INSERT INTO approvals (id, tank_record_id, approver_id, approver_role, action, comments, approved_at) VALUES (55, 56, 1, 'admin', 'approved', 'Final approval given for processing.', '2026-06-24 11:00:00');
INSERT INTO activity_logs (id, user_id, action, entity_type, entity_id, ip_address, details, created_at) VALUES (93, 3, 'create', 'tank_record', 56, '127.0.0.1', 'Created tank record for batch B-20260624-01', '2026-06-24 09:00:00');
INSERT INTO activity_logs (id, user_id, action, entity_type, entity_id, ip_address, details, created_at) VALUES (94, 2, 'approved', 'tank_record', 56, '127.0.0.1', 'APPROVED tank record for batch B-20260624-01', '2026-06-24 10:30:00');
INSERT INTO tank_records (id, date, tank_number, batch_number, milk_quantity, fat_percentage, snf_percentage, temperature, milk_type, process_operator_id, lab_incharge_id, tank_release_time, remarks, status, created_at) VALUES (57, '2026-06-24', 'T-04', 'B-20260624-02', 7902.43, 3.95, 8.81, 3.61, 'cow', 3, 2, '2026-06-24 14:40:00', 'Parameters standard. Approved for production.', 'approved', '2026-06-24 09:00:00');
INSERT INTO approvals (id, tank_record_id, approver_id, approver_role, action, comments, approved_at) VALUES (56, 57, 2, 'lab_incharge', 'approved', 'Lab parameters verified. OK.', '2026-06-24 10:30:00');
INSERT INTO activity_logs (id, user_id, action, entity_type, entity_id, ip_address, details, created_at) VALUES (95, 3, 'create', 'tank_record', 57, '127.0.0.1', 'Created tank record for batch B-20260624-02', '2026-06-24 09:00:00');
INSERT INTO activity_logs (id, user_id, action, entity_type, entity_id, ip_address, details, created_at) VALUES (96, 2, 'approved', 'tank_record', 57, '127.0.0.1', 'APPROVED tank record for batch B-20260624-02', '2026-06-24 10:30:00');
INSERT INTO tank_records (id, date, tank_number, batch_number, milk_quantity, fat_percentage, snf_percentage, temperature, milk_type, process_operator_id, lab_incharge_id, tank_release_time, remarks, status, created_at) VALUES (58, '2026-06-24', 'T-03', 'B-20260624-03', 4434.07, 6.56, 9.79, 3.03, 'buffalo', 3, 2, '2026-06-24 12:24:00', 'Parameters standard. Approved for production.', 'approved', '2026-06-24 09:00:00');
INSERT INTO approvals (id, tank_record_id, approver_id, approver_role, action, comments, approved_at) VALUES (57, 58, 2, 'lab_incharge', 'approved', 'Lab parameters verified. OK.', '2026-06-24 10:30:00');
INSERT INTO activity_logs (id, user_id, action, entity_type, entity_id, ip_address, details, created_at) VALUES (97, 3, 'create', 'tank_record', 58, '127.0.0.1', 'Created tank record for batch B-20260624-03', '2026-06-24 09:00:00');
INSERT INTO activity_logs (id, user_id, action, entity_type, entity_id, ip_address, details, created_at) VALUES (98, 2, 'approved', 'tank_record', 58, '127.0.0.1', 'APPROVED tank record for batch B-20260624-03', '2026-06-24 10:30:00');
INSERT INTO tank_records (id, date, tank_number, batch_number, milk_quantity, fat_percentage, snf_percentage, temperature, milk_type, process_operator_id, lab_incharge_id, tank_release_time, remarks, status, created_at) VALUES (59, '2026-06-25', 'T-01', 'B-20260625-01', 4217.83, 4.24, 8.31, 3.52, 'cow', 3, NULL, NULL, 'Normal batch processing quality.', 'pending_lab', '2026-06-25 09:00:00');
INSERT INTO activity_logs (id, user_id, action, entity_type, entity_id, ip_address, details, created_at) VALUES (99, 3, 'create', 'tank_record', 59, '127.0.0.1', 'Created tank record for batch B-20260625-01', '2026-06-25 09:00:00');
INSERT INTO tank_records (id, date, tank_number, batch_number, milk_quantity, fat_percentage, snf_percentage, temperature, milk_type, process_operator_id, lab_incharge_id, tank_release_time, remarks, status, created_at) VALUES (60, '2026-06-25', 'T-04', 'B-20260625-02', 10749.66, 6.87, 9.60, 4.16, 'buffalo', 3, 2, '2026-06-25 14:09:00', 'Parameters standard. Approved for production.', 'approved', '2026-06-25 09:00:00');
INSERT INTO approvals (id, tank_record_id, approver_id, approver_role, action, comments, approved_at) VALUES (58, 60, 2, 'lab_incharge', 'approved', 'Lab parameters verified. OK.', '2026-06-25 10:30:00');
INSERT INTO activity_logs (id, user_id, action, entity_type, entity_id, ip_address, details, created_at) VALUES (100, 3, 'create', 'tank_record', 60, '127.0.0.1', 'Created tank record for batch B-20260625-02', '2026-06-25 09:00:00');
INSERT INTO activity_logs (id, user_id, action, entity_type, entity_id, ip_address, details, created_at) VALUES (101, 2, 'approved', 'tank_record', 60, '127.0.0.1', 'APPROVED tank record for batch B-20260625-02', '2026-06-25 10:30:00');
INSERT INTO tank_records (id, date, tank_number, batch_number, milk_quantity, fat_percentage, snf_percentage, temperature, milk_type, process_operator_id, lab_incharge_id, tank_release_time, remarks, status, created_at) VALUES (61, '2026-06-26', 'T-05', 'B-20260626-01', 10274.41, 6.89, 9.11, 3.15, 'buffalo', 3, 2, NULL, 'Normal batch processing quality.', 'pending_admin', '2026-06-26 09:00:00');
INSERT INTO activity_logs (id, user_id, action, entity_type, entity_id, ip_address, details, created_at) VALUES (102, 3, 'create', 'tank_record', 61, '127.0.0.1', 'Created tank record for batch B-20260626-01', '2026-06-26 09:00:00');
INSERT INTO tank_records (id, date, tank_number, batch_number, milk_quantity, fat_percentage, snf_percentage, temperature, milk_type, process_operator_id, lab_incharge_id, tank_release_time, remarks, status, created_at) VALUES (62, '2026-06-26', 'T-05', 'B-20260626-02', 8864.77, 5.81, 8.81, 3.36, 'mixed', 3, NULL, NULL, 'Normal batch processing quality.', 'pending_lab', '2026-06-26 09:00:00');
INSERT INTO activity_logs (id, user_id, action, entity_type, entity_id, ip_address, details, created_at) VALUES (103, 3, 'create', 'tank_record', 62, '127.0.0.1', 'Created tank record for batch B-20260626-02', '2026-06-26 09:00:00');
INSERT INTO tank_records (id, date, tank_number, batch_number, milk_quantity, fat_percentage, snf_percentage, temperature, milk_type, process_operator_id, lab_incharge_id, tank_release_time, remarks, status, created_at) VALUES (63, '2026-06-27', 'T-04', 'B-20260627-01', 11766.89, 5.44, 8.56, 5.46, 'mixed', 3, 2, '2026-06-27 14:17:00', 'Parameters standard. Approved for production.', 'approved', '2026-06-27 09:00:00');
INSERT INTO approvals (id, tank_record_id, approver_id, approver_role, action, comments, approved_at) VALUES (59, 63, 2, 'lab_incharge', 'approved', 'Lab parameters verified. OK.', '2026-06-27 10:30:00');
INSERT INTO activity_logs (id, user_id, action, entity_type, entity_id, ip_address, details, created_at) VALUES (104, 3, 'create', 'tank_record', 63, '127.0.0.1', 'Created tank record for batch B-20260627-01', '2026-06-27 09:00:00');
INSERT INTO activity_logs (id, user_id, action, entity_type, entity_id, ip_address, details, created_at) VALUES (105, 2, 'approved', 'tank_record', 63, '127.0.0.1', 'APPROVED tank record for batch B-20260627-01', '2026-06-27 10:30:00');
INSERT INTO tank_records (id, date, tank_number, batch_number, milk_quantity, fat_percentage, snf_percentage, temperature, milk_type, process_operator_id, lab_incharge_id, tank_release_time, remarks, status, created_at) VALUES (64, '2026-06-27', 'T-05', 'B-20260627-02', 9670.11, 4.35, 8.41, 5.06, 'cow', 3, 2, '2026-06-27 12:46:00', 'Parameters standard. Approved for production.', 'approved', '2026-06-27 09:00:00');
INSERT INTO approvals (id, tank_record_id, approver_id, approver_role, action, comments, approved_at) VALUES (60, 64, 2, 'lab_incharge', 'approved', 'Lab parameters verified. OK.', '2026-06-27 10:30:00');
INSERT INTO activity_logs (id, user_id, action, entity_type, entity_id, ip_address, details, created_at) VALUES (106, 3, 'create', 'tank_record', 64, '127.0.0.1', 'Created tank record for batch B-20260627-02', '2026-06-27 09:00:00');
INSERT INTO activity_logs (id, user_id, action, entity_type, entity_id, ip_address, details, created_at) VALUES (107, 2, 'approved', 'tank_record', 64, '127.0.0.1', 'APPROVED tank record for batch B-20260627-02', '2026-06-27 10:30:00');
INSERT INTO tank_records (id, date, tank_number, batch_number, milk_quantity, fat_percentage, snf_percentage, temperature, milk_type, process_operator_id, lab_incharge_id, tank_release_time, remarks, status, created_at) VALUES (65, '2026-06-28', 'T-02', 'B-20260628-01', 8794.66, 4.81, 9.01, 5.18, 'mixed', 3, 2, NULL, 'Normal batch processing quality.', 'pending_admin', '2026-06-28 09:00:00');
INSERT INTO activity_logs (id, user_id, action, entity_type, entity_id, ip_address, details, created_at) VALUES (108, 3, 'create', 'tank_record', 65, '127.0.0.1', 'Created tank record for batch B-20260628-01', '2026-06-28 09:00:00');
INSERT INTO tank_records (id, date, tank_number, batch_number, milk_quantity, fat_percentage, snf_percentage, temperature, milk_type, process_operator_id, lab_incharge_id, tank_release_time, remarks, status, created_at) VALUES (66, '2026-06-28', 'T-02', 'B-20260628-02', 5456.59, 6.20, 9.29, 5.10, 'buffalo', 3, NULL, NULL, 'Normal batch processing quality.', 'draft', '2026-06-28 09:00:00');
INSERT INTO activity_logs (id, user_id, action, entity_type, entity_id, ip_address, details, created_at) VALUES (109, 3, 'create', 'tank_record', 66, '127.0.0.1', 'Created tank record for batch B-20260628-02', '2026-06-28 09:00:00');
INSERT INTO tank_records (id, date, tank_number, batch_number, milk_quantity, fat_percentage, snf_percentage, temperature, milk_type, process_operator_id, lab_incharge_id, tank_release_time, remarks, status, created_at) VALUES (67, '2026-06-28', 'T-03', 'B-20260628-03', 7613.89, 3.44, 8.31, 3.85, 'cow', 3, 2, '2026-06-28 15:54:00', 'Parameters standard. Approved for production.', 'approved', '2026-06-28 09:00:00');
INSERT INTO approvals (id, tank_record_id, approver_id, approver_role, action, comments, approved_at) VALUES (61, 67, 2, 'lab_incharge', 'approved', 'Lab parameters verified. OK.', '2026-06-28 10:30:00');
INSERT INTO approvals (id, tank_record_id, approver_id, approver_role, action, comments, approved_at) VALUES (62, 67, 1, 'admin', 'approved', 'Final approval given for processing.', '2026-06-28 11:00:00');
INSERT INTO activity_logs (id, user_id, action, entity_type, entity_id, ip_address, details, created_at) VALUES (110, 3, 'create', 'tank_record', 67, '127.0.0.1', 'Created tank record for batch B-20260628-03', '2026-06-28 09:00:00');
INSERT INTO activity_logs (id, user_id, action, entity_type, entity_id, ip_address, details, created_at) VALUES (111, 2, 'approved', 'tank_record', 67, '127.0.0.1', 'APPROVED tank record for batch B-20260628-03', '2026-06-28 10:30:00');
INSERT INTO tank_records (id, date, tank_number, batch_number, milk_quantity, fat_percentage, snf_percentage, temperature, milk_type, process_operator_id, lab_incharge_id, tank_release_time, remarks, status, created_at) VALUES (68, '2026-06-28', 'T-05', 'B-20260628-04', 11741.09, 4.99, 8.97, 4.94, 'mixed', 3, 2, '2026-06-28 10:20:00', 'Parameters standard. Approved for production.', 'approved', '2026-06-28 09:00:00');
INSERT INTO approvals (id, tank_record_id, approver_id, approver_role, action, comments, approved_at) VALUES (63, 68, 2, 'lab_incharge', 'approved', 'Lab parameters verified. OK.', '2026-06-28 10:30:00');
INSERT INTO approvals (id, tank_record_id, approver_id, approver_role, action, comments, approved_at) VALUES (64, 68, 1, 'admin', 'approved', 'Final approval given for processing.', '2026-06-28 11:00:00');
INSERT INTO activity_logs (id, user_id, action, entity_type, entity_id, ip_address, details, created_at) VALUES (112, 3, 'create', 'tank_record', 68, '127.0.0.1', 'Created tank record for batch B-20260628-04', '2026-06-28 09:00:00');
INSERT INTO activity_logs (id, user_id, action, entity_type, entity_id, ip_address, details, created_at) VALUES (113, 2, 'approved', 'tank_record', 68, '127.0.0.1', 'APPROVED tank record for batch B-20260628-04', '2026-06-28 10:30:00');
INSERT INTO tank_records (id, date, tank_number, batch_number, milk_quantity, fat_percentage, snf_percentage, temperature, milk_type, process_operator_id, lab_incharge_id, tank_release_time, remarks, status, created_at) VALUES (69, '2026-06-29', 'T-05', 'B-20260629-01', 4019.96, 4.36, 8.57, 3.20, 'cow', 3, 2, '2026-06-29 12:23:00', 'Parameters standard. Approved for production.', 'approved', '2026-06-29 09:00:00');
INSERT INTO approvals (id, tank_record_id, approver_id, approver_role, action, comments, approved_at) VALUES (65, 69, 2, 'lab_incharge', 'approved', 'Lab parameters verified. OK.', '2026-06-29 10:30:00');
INSERT INTO approvals (id, tank_record_id, approver_id, approver_role, action, comments, approved_at) VALUES (66, 69, 1, 'admin', 'approved', 'Final approval given for processing.', '2026-06-29 11:00:00');
INSERT INTO activity_logs (id, user_id, action, entity_type, entity_id, ip_address, details, created_at) VALUES (114, 3, 'create', 'tank_record', 69, '127.0.0.1', 'Created tank record for batch B-20260629-01', '2026-06-29 09:00:00');
INSERT INTO activity_logs (id, user_id, action, entity_type, entity_id, ip_address, details, created_at) VALUES (115, 2, 'approved', 'tank_record', 69, '127.0.0.1', 'APPROVED tank record for batch B-20260629-01', '2026-06-29 10:30:00');
INSERT INTO tank_records (id, date, tank_number, batch_number, milk_quantity, fat_percentage, snf_percentage, temperature, milk_type, process_operator_id, lab_incharge_id, tank_release_time, remarks, status, created_at) VALUES (70, '2026-06-29', 'T-03', 'B-20260629-02', 11576.15, 5.15, 8.93, 4.85, 'mixed', 3, 2, '2026-06-29 12:14:00', 'Parameters standard. Approved for production.', 'approved', '2026-06-29 09:00:00');
INSERT INTO approvals (id, tank_record_id, approver_id, approver_role, action, comments, approved_at) VALUES (67, 70, 2, 'lab_incharge', 'approved', 'Lab parameters verified. OK.', '2026-06-29 10:30:00');
INSERT INTO approvals (id, tank_record_id, approver_id, approver_role, action, comments, approved_at) VALUES (68, 70, 1, 'admin', 'approved', 'Final approval given for processing.', '2026-06-29 11:00:00');
INSERT INTO activity_logs (id, user_id, action, entity_type, entity_id, ip_address, details, created_at) VALUES (116, 3, 'create', 'tank_record', 70, '127.0.0.1', 'Created tank record for batch B-20260629-02', '2026-06-29 09:00:00');
INSERT INTO activity_logs (id, user_id, action, entity_type, entity_id, ip_address, details, created_at) VALUES (117, 2, 'approved', 'tank_record', 70, '127.0.0.1', 'APPROVED tank record for batch B-20260629-02', '2026-06-29 10:30:00');
INSERT INTO tank_records (id, date, tank_number, batch_number, milk_quantity, fat_percentage, snf_percentage, temperature, milk_type, process_operator_id, lab_incharge_id, tank_release_time, remarks, status, created_at) VALUES (71, '2026-06-29', 'T-01', 'B-20260629-03', 8937.52, 3.86, 8.33, 3.48, 'cow', 3, 2, NULL, 'Normal batch processing quality.', 'pending_admin', '2026-06-29 09:00:00');
INSERT INTO activity_logs (id, user_id, action, entity_type, entity_id, ip_address, details, created_at) VALUES (118, 3, 'create', 'tank_record', 71, '127.0.0.1', 'Created tank record for batch B-20260629-03', '2026-06-29 09:00:00');
INSERT INTO tank_records (id, date, tank_number, batch_number, milk_quantity, fat_percentage, snf_percentage, temperature, milk_type, process_operator_id, lab_incharge_id, tank_release_time, remarks, status, created_at) VALUES (72, '2026-06-30', 'T-05', 'B-20260630-01', 11951.67, 4.55, 8.89, 3.90, 'mixed', 3, NULL, NULL, 'Normal batch processing quality.', 'draft', '2026-06-30 09:00:00');
INSERT INTO activity_logs (id, user_id, action, entity_type, entity_id, ip_address, details, created_at) VALUES (119, 3, 'create', 'tank_record', 72, '127.0.0.1', 'Created tank record for batch B-20260630-01', '2026-06-30 09:00:00');
INSERT INTO tank_records (id, date, tank_number, batch_number, milk_quantity, fat_percentage, snf_percentage, temperature, milk_type, process_operator_id, lab_incharge_id, tank_release_time, remarks, status, created_at) VALUES (73, '2026-06-30', 'T-02', 'B-20260630-02', 11158.63, 3.96, 8.59, 6.60, 'cow', 3, 2, NULL, 'Rejected: Temperature was above maximum limit (5.5°C).', 'rejected', '2026-06-30 09:00:00');
INSERT INTO approvals (id, tank_record_id, approver_id, approver_role, action, comments, approved_at) VALUES (69, 73, 2, 'lab_incharge', 'rejected', 'Lab checks failed. Parameter out of range.', '2026-06-30 10:30:00');
INSERT INTO activity_logs (id, user_id, action, entity_type, entity_id, ip_address, details, created_at) VALUES (120, 3, 'create', 'tank_record', 73, '127.0.0.1', 'Created tank record for batch B-20260630-02', '2026-06-30 09:00:00');
INSERT INTO activity_logs (id, user_id, action, entity_type, entity_id, ip_address, details, created_at) VALUES (121, 2, 'rejected', 'tank_record', 73, '127.0.0.1', 'REJECTED tank record for batch B-20260630-02', '2026-06-30 10:30:00');
INSERT INTO tank_records (id, date, tank_number, batch_number, milk_quantity, fat_percentage, snf_percentage, temperature, milk_type, process_operator_id, lab_incharge_id, tank_release_time, remarks, status, created_at) VALUES (74, '2026-06-30', 'T-02', 'B-20260630-03', 10898.15, 4.14, 8.34, 3.86, 'cow', 3, 2, '2026-06-30 13:36:00', 'Parameters standard. Approved for production.', 'approved', '2026-06-30 09:00:00');
INSERT INTO approvals (id, tank_record_id, approver_id, approver_role, action, comments, approved_at) VALUES (70, 74, 2, 'lab_incharge', 'approved', 'Lab parameters verified. OK.', '2026-06-30 10:30:00');
INSERT INTO approvals (id, tank_record_id, approver_id, approver_role, action, comments, approved_at) VALUES (71, 74, 1, 'admin', 'approved', 'Final approval given for processing.', '2026-06-30 11:00:00');
INSERT INTO activity_logs (id, user_id, action, entity_type, entity_id, ip_address, details, created_at) VALUES (122, 3, 'create', 'tank_record', 74, '127.0.0.1', 'Created tank record for batch B-20260630-03', '2026-06-30 09:00:00');
INSERT INTO activity_logs (id, user_id, action, entity_type, entity_id, ip_address, details, created_at) VALUES (123, 2, 'approved', 'tank_record', 74, '127.0.0.1', 'APPROVED tank record for batch B-20260630-03', '2026-06-30 10:30:00');
INSERT INTO tank_records (id, date, tank_number, batch_number, milk_quantity, fat_percentage, snf_percentage, temperature, milk_type, process_operator_id, lab_incharge_id, tank_release_time, remarks, status, created_at) VALUES (75, '2026-06-30', 'T-02', 'B-20260630-04', 10936.80, 6.52, 9.78, 3.18, 'buffalo', 3, NULL, NULL, 'Normal batch processing quality.', 'draft', '2026-06-30 09:00:00');
INSERT INTO activity_logs (id, user_id, action, entity_type, entity_id, ip_address, details, created_at) VALUES (124, 3, 'create', 'tank_record', 75, '127.0.0.1', 'Created tank record for batch B-20260630-04', '2026-06-30 09:00:00');
INSERT INTO tank_records (id, date, tank_number, batch_number, milk_quantity, fat_percentage, snf_percentage, temperature, milk_type, process_operator_id, lab_incharge_id, tank_release_time, remarks, status, created_at) VALUES (76, '2026-07-01', 'T-03', 'B-20260701-01', 9078.17, 5.26, 9.03, 5.40, 'mixed', 3, NULL, NULL, 'Normal batch processing quality.', 'pending_lab', '2026-07-01 09:00:00');
INSERT INTO activity_logs (id, user_id, action, entity_type, entity_id, ip_address, details, created_at) VALUES (125, 3, 'create', 'tank_record', 76, '127.0.0.1', 'Created tank record for batch B-20260701-01', '2026-07-01 09:00:00');
INSERT INTO tank_records (id, date, tank_number, batch_number, milk_quantity, fat_percentage, snf_percentage, temperature, milk_type, process_operator_id, lab_incharge_id, tank_release_time, remarks, status, created_at) VALUES (77, '2026-07-01', 'T-03', 'B-20260701-02', 7514.68, 4.18, 8.20, 3.06, 'cow', 3, NULL, NULL, 'Normal batch processing quality.', 'pending_lab', '2026-07-01 09:00:00');
INSERT INTO activity_logs (id, user_id, action, entity_type, entity_id, ip_address, details, created_at) VALUES (126, 3, 'create', 'tank_record', 77, '127.0.0.1', 'Created tank record for batch B-20260701-02', '2026-07-01 09:00:00');
INSERT INTO tank_records (id, date, tank_number, batch_number, milk_quantity, fat_percentage, snf_percentage, temperature, milk_type, process_operator_id, lab_incharge_id, tank_release_time, remarks, status, created_at) VALUES (78, '2026-07-02', 'T-05', 'B-20260702-01', 10351.90, 4.58, 8.79, 5.35, 'cow', 3, 2, '2026-07-02 13:53:00', 'Parameters standard. Approved for production.', 'approved', '2026-07-02 09:00:00');
INSERT INTO approvals (id, tank_record_id, approver_id, approver_role, action, comments, approved_at) VALUES (72, 78, 2, 'lab_incharge', 'approved', 'Lab parameters verified. OK.', '2026-07-02 10:30:00');
INSERT INTO approvals (id, tank_record_id, approver_id, approver_role, action, comments, approved_at) VALUES (73, 78, 1, 'admin', 'approved', 'Final approval given for processing.', '2026-07-02 11:00:00');
INSERT INTO activity_logs (id, user_id, action, entity_type, entity_id, ip_address, details, created_at) VALUES (127, 3, 'create', 'tank_record', 78, '127.0.0.1', 'Created tank record for batch B-20260702-01', '2026-07-02 09:00:00');
INSERT INTO activity_logs (id, user_id, action, entity_type, entity_id, ip_address, details, created_at) VALUES (128, 2, 'approved', 'tank_record', 78, '127.0.0.1', 'APPROVED tank record for batch B-20260702-01', '2026-07-02 10:30:00');
INSERT INTO tank_records (id, date, tank_number, batch_number, milk_quantity, fat_percentage, snf_percentage, temperature, milk_type, process_operator_id, lab_incharge_id, tank_release_time, remarks, status, created_at) VALUES (79, '2026-07-02', 'T-01', 'B-20260702-02', 9712.03, 3.46, 8.55, 4.81, 'cow', 3, 2, '2026-07-02 12:23:00', 'Parameters standard. Approved for production.', 'approved', '2026-07-02 09:00:00');
INSERT INTO approvals (id, tank_record_id, approver_id, approver_role, action, comments, approved_at) VALUES (74, 79, 2, 'lab_incharge', 'approved', 'Lab parameters verified. OK.', '2026-07-02 10:30:00');
INSERT INTO approvals (id, tank_record_id, approver_id, approver_role, action, comments, approved_at) VALUES (75, 79, 1, 'admin', 'approved', 'Final approval given for processing.', '2026-07-02 11:00:00');
INSERT INTO activity_logs (id, user_id, action, entity_type, entity_id, ip_address, details, created_at) VALUES (129, 3, 'create', 'tank_record', 79, '127.0.0.1', 'Created tank record for batch B-20260702-02', '2026-07-02 09:00:00');
INSERT INTO activity_logs (id, user_id, action, entity_type, entity_id, ip_address, details, created_at) VALUES (130, 2, 'approved', 'tank_record', 79, '127.0.0.1', 'APPROVED tank record for batch B-20260702-02', '2026-07-02 10:30:00');
INSERT INTO tank_records (id, date, tank_number, batch_number, milk_quantity, fat_percentage, snf_percentage, temperature, milk_type, process_operator_id, lab_incharge_id, tank_release_time, remarks, status, created_at) VALUES (80, '2026-07-02', 'T-01', 'B-20260702-03', 4903.34, 3.60, 8.78, 3.92, 'cow', 3, 2, '2026-07-02 13:53:00', 'Parameters standard. Approved for production.', 'approved', '2026-07-02 09:00:00');
INSERT INTO approvals (id, tank_record_id, approver_id, approver_role, action, comments, approved_at) VALUES (76, 80, 2, 'lab_incharge', 'approved', 'Lab parameters verified. OK.', '2026-07-02 10:30:00');
INSERT INTO approvals (id, tank_record_id, approver_id, approver_role, action, comments, approved_at) VALUES (77, 80, 1, 'admin', 'approved', 'Final approval given for processing.', '2026-07-02 11:00:00');
INSERT INTO activity_logs (id, user_id, action, entity_type, entity_id, ip_address, details, created_at) VALUES (131, 3, 'create', 'tank_record', 80, '127.0.0.1', 'Created tank record for batch B-20260702-03', '2026-07-02 09:00:00');
INSERT INTO activity_logs (id, user_id, action, entity_type, entity_id, ip_address, details, created_at) VALUES (132, 2, 'approved', 'tank_record', 80, '127.0.0.1', 'APPROVED tank record for batch B-20260702-03', '2026-07-02 10:30:00');
INSERT INTO tank_records (id, date, tank_number, batch_number, milk_quantity, fat_percentage, snf_percentage, temperature, milk_type, process_operator_id, lab_incharge_id, tank_release_time, remarks, status, created_at) VALUES (81, '2026-07-03', 'T-04', 'B-20260703-01', 10640.71, 8.44, 9.01, 3.70, 'buffalo', 3, 2, NULL, 'Normal batch processing quality.', 'pending_admin', '2026-07-03 09:00:00');
INSERT INTO activity_logs (id, user_id, action, entity_type, entity_id, ip_address, details, created_at) VALUES (133, 3, 'create', 'tank_record', 81, '127.0.0.1', 'Created tank record for batch B-20260703-01', '2026-07-03 09:00:00');
INSERT INTO tank_records (id, date, tank_number, batch_number, milk_quantity, fat_percentage, snf_percentage, temperature, milk_type, process_operator_id, lab_incharge_id, tank_release_time, remarks, status, created_at) VALUES (82, '2026-07-03', 'T-03', 'B-20260703-02', 5202.68, 4.19, 8.80, 4.89, 'cow', 3, 2, '2026-07-03 13:33:00', 'Parameters standard. Approved for production.', 'approved', '2026-07-03 09:00:00');
INSERT INTO approvals (id, tank_record_id, approver_id, approver_role, action, comments, approved_at) VALUES (78, 82, 2, 'lab_incharge', 'approved', 'Lab parameters verified. OK.', '2026-07-03 10:30:00');
INSERT INTO activity_logs (id, user_id, action, entity_type, entity_id, ip_address, details, created_at) VALUES (134, 3, 'create', 'tank_record', 82, '127.0.0.1', 'Created tank record for batch B-20260703-02', '2026-07-03 09:00:00');
INSERT INTO activity_logs (id, user_id, action, entity_type, entity_id, ip_address, details, created_at) VALUES (135, 2, 'approved', 'tank_record', 82, '127.0.0.1', 'APPROVED tank record for batch B-20260703-02', '2026-07-03 10:30:00');
INSERT INTO tank_records (id, date, tank_number, batch_number, milk_quantity, fat_percentage, snf_percentage, temperature, milk_type, process_operator_id, lab_incharge_id, tank_release_time, remarks, status, created_at) VALUES (83, '2026-07-03', 'T-03', 'B-20260703-03', 7687.46, 7.17, 9.29, 3.38, 'buffalo', 3, 2, '2026-07-03 14:09:00', 'Parameters standard. Approved for production.', 'approved', '2026-07-03 09:00:00');
INSERT INTO approvals (id, tank_record_id, approver_id, approver_role, action, comments, approved_at) VALUES (79, 83, 2, 'lab_incharge', 'approved', 'Lab parameters verified. OK.', '2026-07-03 10:30:00');
INSERT INTO activity_logs (id, user_id, action, entity_type, entity_id, ip_address, details, created_at) VALUES (136, 3, 'create', 'tank_record', 83, '127.0.0.1', 'Created tank record for batch B-20260703-03', '2026-07-03 09:00:00');
INSERT INTO activity_logs (id, user_id, action, entity_type, entity_id, ip_address, details, created_at) VALUES (137, 2, 'approved', 'tank_record', 83, '127.0.0.1', 'APPROVED tank record for batch B-20260703-03', '2026-07-03 10:30:00');
INSERT INTO tank_records (id, date, tank_number, batch_number, milk_quantity, fat_percentage, snf_percentage, temperature, milk_type, process_operator_id, lab_incharge_id, tank_release_time, remarks, status, created_at) VALUES (84, '2026-07-04', 'T-04', 'B-20260704-01', 5617.33, 5.14, 8.98, 5.16, 'mixed', 3, 2, NULL, 'Normal batch processing quality.', 'pending_admin', '2026-07-04 09:00:00');
INSERT INTO activity_logs (id, user_id, action, entity_type, entity_id, ip_address, details, created_at) VALUES (138, 3, 'create', 'tank_record', 84, '127.0.0.1', 'Created tank record for batch B-20260704-01', '2026-07-04 09:00:00');
INSERT INTO tank_records (id, date, tank_number, batch_number, milk_quantity, fat_percentage, snf_percentage, temperature, milk_type, process_operator_id, lab_incharge_id, tank_release_time, remarks, status, created_at) VALUES (85, '2026-07-04', 'T-03', 'B-20260704-02', 9803.57, 4.97, 8.99, 4.89, 'mixed', 3, 2, '2026-07-04 11:05:00', 'Parameters standard. Approved for production.', 'approved', '2026-07-04 09:00:00');
INSERT INTO approvals (id, tank_record_id, approver_id, approver_role, action, comments, approved_at) VALUES (80, 85, 2, 'lab_incharge', 'approved', 'Lab parameters verified. OK.', '2026-07-04 10:30:00');
INSERT INTO activity_logs (id, user_id, action, entity_type, entity_id, ip_address, details, created_at) VALUES (139, 3, 'create', 'tank_record', 85, '127.0.0.1', 'Created tank record for batch B-20260704-02', '2026-07-04 09:00:00');
INSERT INTO activity_logs (id, user_id, action, entity_type, entity_id, ip_address, details, created_at) VALUES (140, 2, 'approved', 'tank_record', 85, '127.0.0.1', 'APPROVED tank record for batch B-20260704-02', '2026-07-04 10:30:00');
INSERT INTO tank_records (id, date, tank_number, batch_number, milk_quantity, fat_percentage, snf_percentage, temperature, milk_type, process_operator_id, lab_incharge_id, tank_release_time, remarks, status, created_at) VALUES (86, '2026-07-04', 'T-01', 'B-20260704-03', 6363.48, 6.94, 9.39, 3.50, 'buffalo', 3, 2, NULL, 'Normal batch processing quality.', 'pending_admin', '2026-07-04 09:00:00');
INSERT INTO activity_logs (id, user_id, action, entity_type, entity_id, ip_address, details, created_at) VALUES (141, 3, 'create', 'tank_record', 86, '127.0.0.1', 'Created tank record for batch B-20260704-03', '2026-07-04 09:00:00');
INSERT INTO tank_records (id, date, tank_number, batch_number, milk_quantity, fat_percentage, snf_percentage, temperature, milk_type, process_operator_id, lab_incharge_id, tank_release_time, remarks, status, created_at) VALUES (87, '2026-07-05', 'T-01', 'B-20260705-01', 7770.97, 7.50, 9.24, 4.37, 'buffalo', 3, NULL, NULL, 'Normal batch processing quality.', 'pending_lab', '2026-07-05 09:00:00');
INSERT INTO activity_logs (id, user_id, action, entity_type, entity_id, ip_address, details, created_at) VALUES (142, 3, 'create', 'tank_record', 87, '127.0.0.1', 'Created tank record for batch B-20260705-01', '2026-07-05 09:00:00');
INSERT INTO tank_records (id, date, tank_number, batch_number, milk_quantity, fat_percentage, snf_percentage, temperature, milk_type, process_operator_id, lab_incharge_id, tank_release_time, remarks, status, created_at) VALUES (88, '2026-07-05', 'T-03', 'B-20260705-02', 8153.63, 4.71, 8.61, 4.80, 'mixed', 3, NULL, NULL, 'Normal batch processing quality.', 'draft', '2026-07-05 09:00:00');
INSERT INTO activity_logs (id, user_id, action, entity_type, entity_id, ip_address, details, created_at) VALUES (143, 3, 'create', 'tank_record', 88, '127.0.0.1', 'Created tank record for batch B-20260705-02', '2026-07-05 09:00:00');
INSERT INTO tank_records (id, date, tank_number, batch_number, milk_quantity, fat_percentage, snf_percentage, temperature, milk_type, process_operator_id, lab_incharge_id, tank_release_time, remarks, status, created_at) VALUES (89, '2026-07-05', 'T-01', 'B-20260705-03', 9562.63, 5.61, 8.68, 4.98, 'mixed', 3, NULL, NULL, 'Normal batch processing quality.', 'pending_lab', '2026-07-05 09:00:00');
INSERT INTO activity_logs (id, user_id, action, entity_type, entity_id, ip_address, details, created_at) VALUES (144, 3, 'create', 'tank_record', 89, '127.0.0.1', 'Created tank record for batch B-20260705-03', '2026-07-05 09:00:00');
INSERT INTO tank_records (id, date, tank_number, batch_number, milk_quantity, fat_percentage, snf_percentage, temperature, milk_type, process_operator_id, lab_incharge_id, tank_release_time, remarks, status, created_at) VALUES (90, '2026-07-05', 'T-02', 'B-20260705-04', 5438.05, 4.09, 8.32, 3.14, 'cow', 3, NULL, NULL, 'Normal batch processing quality.', 'draft', '2026-07-05 09:00:00');
INSERT INTO activity_logs (id, user_id, action, entity_type, entity_id, ip_address, details, created_at) VALUES (145, 3, 'create', 'tank_record', 90, '127.0.0.1', 'Created tank record for batch B-20260705-04', '2026-07-05 09:00:00');

-- Insert general activity logs
INSERT INTO activity_logs (user_id, action, entity_type, entity_id, ip_address, details, created_at) VALUES
(1, 'login', 'user', 1, '127.0.0.1', 'Admin user logged in successfully', NOW()),
(2, 'login', 'user', 2, '127.0.0.1', 'Lab incharge logged in successfully', NOW() - INTERVAL 1 HOUR),
(3, 'login', 'user', 3, '127.0.0.1', 'Process operator logged in successfully', NOW() - INTERVAL 2 HOUR);

-- Insert general notifications
INSERT INTO notifications (user_id, title, message, type, is_read, entity_type, entity_id, created_at) VALUES
(1, 'New Record Pending Approval', 'Batch B-20260705-01 requires admin approval.', 'warning', false, 'tank_record', null, NOW()),
(2, 'Lab Review Needed', 'Operator submitted new tank parameters for verification.', 'info', false, 'tank_record', null, NOW()),
(3, 'Batch Rejected', 'Batch from Tank T-03 has been rejected due to low fat content.', 'error', false, 'tank_record', null, NOW()),
(3, 'Batch Approved', 'Batch from Tank T-01 approved and released.', 'success', true, 'tank_record', null, NOW()),
(1, 'System Update', 'Database maintenance completed successfully.', 'info', true, 'system', null, NOW());
